Workbook
Name SUM: #REF!

Sheet RS ANDHIKA
A1: BREAKDOWN PENJUALAN PT. MITRAJAYA SELARAS ABADI
A7: 2025 RSU ANDHIKA
A12: JANUARI 2025
A13: No. | B13: Faktur | D13: Nama Pelanggan | E13: Produk | F13: Quantity | H13: Harga Satuan | I13: Jumlah Harga | J13: Dics. | K13: Jumlah | L13: Jumlah | M13: Total | N13: PPN 11% | O13: PPH 1,5 % | P13: Total Tghan | Q13: DISTRIBUTOR | R13: Harga Pokok | S13: Harga Pokok | T13: DISCOUNT DISTRIBUTOR | U13: JUMLAH | V13: TOTAL | W13: TOTAL PMBELIAN | X13: PPN | Y13: TOTAL
B14: Tanggal | C14: No. Faktur | F14: jml | G14: Satuan | H14: ( Rp ) | I14: ( Rp ) | J14: ( % ) | K14: Discon ( Rp ) | L14: setelah Disc | M14: Tagihan | P14: stlh PPN | R14: beli (Satuan) | S14: beli (Total) | T14: % | U14: DISC | V14: STLH DISC | W14: SBLM PPN
A15: 1 | B15: 45660 | C15: 117180125 | D15: RS Andhika | E15: Albumin 160ml Mindray | F15: 1 | G15: kit | H15: 627000 | I15: =SUM(F15*H15) -> 627000 | J15: 0 | K15: =SUM(I15*J15) -> 0 | L15: =SUM(I15-K15) -> 627000 | M15: =SUM(L15:L62) -> 1.117776e+08 | N15: =SUM(M15*11%) -> 12295536 | P15: =SUM(M15+N15) -> 1.2407313e+08 | Q15: PT TRIPATRIA ANDALAN MERDEKA | R15: 270930 | S15: =SUM(F15*R15) -> 270930 | T15: 0 | U15: =SUM(S15*T15) -> 0 | V15: =SUM(S15-U15) -> 270930 | W15: =SUM(V15) -> 270930 | X15: 0.11 | Y15: =SUM(W15+(W15*X15)) -> 300732.3
E16: Alkohol Swab Sensi | F16: 25 | G16: box | H16: 27000 | I16: =SUM(F16*H16) -> 675000 | J16: 0.2 | K16: =SUM(I16*J16) -> 135000 | L16: =SUM(I16-K16) -> 540000 | Q16: SMS PRAMUKA | R16: 15000 | S16: =SUM(F16*R16) -> 375000 | T16: 0 | U16: =SUM(S16*T16) -> 0 | V16: =SUM(S16-U16) -> 375000 | W16: =SUM(V16) -> 375000 | X16: 0 | Y16: =SUM(W16+(W16*X16)) -> 375000
E17: ALT 176 ml Mindray | F17: 1 | G17: kit | H17: 983000 | I17: =SUM(F17*H17) -> 983000 | J17: 0 | K17: =SUM(I17*J17) -> 0 | L17: =SUM(I17-K17) -> 983000 | Q17: PT TRIPATRIA ANDALAN MERDEKA | R17: 424765 | S17: =SUM(F17*R17) -> 424765 | T17: 0 | U17: =SUM(S17*T17) -> 0 | V17: =SUM(S17-U17) -> 424765 | W17: =SUM(V17) -> 424765 | X17: 0.11 | Y17: =SUM(W17+(W17*X17)) -> 471489.15
E18: CK-MB Neo Ichroma | F18: 1 | G18: box | H18: 4583750 | I18: =SUM(F18*H18) -> 4583750 | J18: 0.2 | K18: =SUM(I18*J18) -> 916750 | L18: =SUM(I18-K18) -> 3667000 | Q18: PT ZOE PELITA NUSANTARA | R18: 1625000 | S18: =SUM(F18*R18) -> 1625000 | T18: 0.25 | U18: =SUM(S18*T18) -> 406250 | V18: =SUM(S18-U18) -> 1218750 | W18: =SUM(V18) -> 1218750 | X18: 0.11 | Y18: =SUM(W18+(W18*X18)) -> 1352812.5
E19: CRP isi 25 test/box ichroma | F19: 2 | G19: box | H19: 2603750 | I19: =SUM(F19*H19) -> 5207500 | J19: 0.2 | K19: =SUM(I19*J19) -> 1041500 | L19: =SUM(I19-K19) -> 4166000 | Q19: PT ZOE PELITA NUSANTARA | R19: 1562500 | S19: =SUM(F19*R19) -> 3125000 | T19: 0.25 | U19: =SUM(S19*T19) -> 781250 | V19: =SUM(S19-U19) -> 2343750 | W19: =SUM(V19) -> 2343750 | X19: 0.11 | Y19: =SUM(W19+(W19*X19)) -> 2601562.5
E20: Determine HBSAG 100T | F20: 3 | G20: box | H20: 3019000 | I20: =SUM(F20*H20) -> 9057000 | J20: 0.2 | K20: =SUM(I20*J20) -> 1811400 | L20: =SUM(I20-K20) -> 7245600 | Q20: PT SINERGI UTAMA SEJAHTERA | R20: 2173500 | S20: =SUM(F20*R20) -> 6520500 | T20: 0.2 | U20: =SUM(S20*T20) -> 1304100 | V20: =SUM(S20-U20) -> 5216400 | W20: =SUM(V20) -> 5216400 | X20: 0.11 | Y20: =SUM(W20+(W20*X20)) -> 5790204
E21: Glove nitril non sterile size S sritrang | F21: 25 | G21: box | H21: 87500 | I21: =SUM(F21*H21) -> 2187500 | J21: 0.2 | K21: =SUM(I21*J21) -> 437500 | L21: =SUM(I21-K21) -> 1750000 | Q21: HANALAB | R21: 36036 | S21: =SUM(F21*R21) -> 900900 | T21: 0 | U21: =SUM(S21*T21) -> 0 | V21: =SUM(S21-U21) -> 900900 | W21: =SUM(V21) -> 900900 | X21: 0.11 | Y21: =SUM(W21+(W21*X21)) -> 999999
E22: GOLDAR Anti A (1 vial) BIOCON | F22: 1 | G22: vial | H22: 187500 | I22: =SUM(F22*H22) -> 187500 | J22: 0.2 | K22: =SUM(I22*J22) -> 37500 | L22: =SUM(I22-K22) -> 150000 | Q22: PT BAVARIA | R22: 102000 | S22: =SUM(F22*R22) -> 102000 | T22: 0.2 | U22: =SUM(S22*T22) -> 20400 | V22: =SUM(S22-U22) -> 81600 | W22: =SUM(V22) -> 81600 | X22: 0.11 | Y22: =SUM(W22+(W22*X22)) -> 90576
E23: GOLDAR Anti B (1 vial) BIOCON | F23: 1 | G23: vial | H23: 187500 | I23: =SUM(F23*H23) -> 187500 | J23: 0.2 | K23: =SUM(I23*J23) -> 37500 | L23: =SUM(I23-K23) -> 150000 | Q23: PT BAVARIA | R23: 85000 | S23: =SUM(F23*R23) -> 85000 | T23: 0.2 | U23: =SUM(S23*T23) -> 17000 | V23: =SUM(S23-U23) -> 68000 | W23: =SUM(V23) -> 68000 | X23: 0.11 | Y23: =SUM(W23+(W23*X23)) -> 75480
E24: GOLDAR Anti D (1 vial) BIOCON | F24: 1 | G24: vial | H24: 225000 | I24: =SUM(F24*H24) -> 225000 | J24: 0.2 | K24: =SUM(I24*J24) -> 45000 | L24: =SUM(I24-K24) -> 180000 | Q24: PT BAVARIA | R24: 162000 | S24: =SUM(F24*R24) -> 162000 | T24: 0.2 | U24: =SUM(S24*T24) -> 32400 | V24: =SUM(S24-U24) -> 129600 | W24: =SUM(V24) -> 129600 | X24: 0.11 | Y24: =SUM(W24+(W24*X24)) -> 143856
E25: GOLDAR Anti D (1 vial) BAV | F25: 1 | G25: vial | H25: 225000 | I25: =SUM(F25*H25) -> 225000 | J25: 0.2 | K25: =SUM(I25*J25) -> 45000 | L25: =SUM(I25-K25) -> 180000 | Q25: PT BAVARIA | R25: 162000 | S25: =SUM(F25*R25) -> 162000 | T25: 0.2 | U25: =SUM(S25*T25) -> 32400 | V25: =SUM(S25-U25) -> 129600 | W25: =SUM(V25) -> 129600 | X25: 0.11 | Y25: =SUM(W25+(W25*X25)) -> 143856
E26: HbA1c isi 25 test/box Ichroma | F26: 5 | G26: box | H26: 2708750 | I26: =SUM(F26*H26) -> 13543750 | J26: 0.2 | K26: =SUM(I26*J26) -> 2708750 | L26: =SUM(I26-K26) -> 10835000 | Q26: PT ZOE PELITA NUSANTARA | R26: 1625000 | S26: =SUM(F26*R26) -> 8125000 | T26: 0.25 | U26: =SUM(S26*T26) -> 2031250 | V26: =SUM(S26-U26) -> 6093750 | W26: =SUM(V26) -> 6093750 | X26: 0.11 | Y26: =SUM(W26+(W26*X26)) -> 6764062.5
E27: HCG Device 25 test/box Orient Gene | F27: 4 | G27: box | H27: 235000 | I27: =SUM(F27*H27) -> 940000 | J27: 0.2 | K27: =SUM(I27*J27) -> 188000 | L27: =SUM(I27-K27) -> 752000 | Q27: PT LINTANG DIAGNOSTIK | R27: 190000 | S27: =SUM(F27*R27) -> 760000 | T27: 0.5 | U27: =SUM(S27*T27) -> 380000 | V27: =SUM(S27-U27) -> 380000 | W27: =SUM(V27) -> 380000 | X27: 0.11 | Y27: =SUM(W27+(W27*X27)) -> 421800
... E62: ichroma Trop I Plus | F62: 1 | G62: box | H62: 5000000 | I62: =SUM(F62*H62) -> 5000000 | J62: 0.2 | K62: =SUM(I62*J62) -> 1000000 | L62: =SUM(I62-K62) -> 4000000 | Q62: PT ZOE PELITA NUSANTARA | R62: 3000000 | S62: =SUM(F62*R62) -> 3000000 | T62: 0.25 | U62: =SUM(S62*T62) -> 750000 | V62: =SUM(S62-U62) -> 2250000 | W62: =SUM(V62) -> 2250000 | X62: 0.11 | Y62: =SUM(W62+(W62*X62)) -> 2497500
A63: 2 | B63: 45660 | C63: 117190125 | D63: RS Andhika | E63: Calibrant Fluid Pack CP100 EDAN | F63: 3 | G63: pack | H63: 3200000 | I63: =SUM(F63*H63) -> 9600000 | J63: 0 | K63: =SUM(I63*J63) -> 0 | L63: =SUM(I63-K63) -> 9600000 | M63: =SUM(L63:L65) -> 49400000 | N63: =SUM(M63*11%) -> 5434000 | P63: =SUM(M63+N63) -> 54834000 | Q63: PT NUSANTARA MEDCARE INDONESIA | R63: 1100000 | S63: =SUM(F63*R63) -> 3300000 | T63: 0 | U63: =SUM(S63*T63) -> 0 | V63: =SUM(S63-U63) -> 3300000 | W63: =SUM(V63) -> 3300000 | X63: 0.11 | Y63: =SUM(W63+(W63*X63)) -> 3663000
E64: Test Cartridge BG3 EDAN | F64: 1 | G64: set | H64: 13700000 | I64: =SUM(F64*H64) -> 13700000 | J64: 0 | K64: =SUM(I64*J64) -> 0 | L64: =SUM(I64-K64) -> 13700000 | Q64: PT NUSANTARA MEDCARE INDONESIA | R64: 4800000 | S64: =SUM(F64*R64) -> 4800000 | T64: 0 | U64: =SUM(S64*T64) -> 0 | V64: =SUM(S64-U64) -> 4800000 | W64: =SUM(V64) -> 4800000 | X64: 0.11 | Y64: =SUM(W64+(W64*X64)) -> 5328000
E65: Test Cartridge SC4 EDAN | F65: 3 | G65: set | H65: 8700000 | I65: =SUM(F65*H65) -> 26100000 | J65: 0 | K65: =SUM(I65*J65) -> 0 | L65: =SUM(I65-K65) -> 26100000 | Q65: PT NUSANTARA MEDCARE INDONESIA | R65: 3500000 | S65: =SUM(F65*R65) -> 10500000 | T65: 0 | U65: =SUM(S65*T65) -> 0 | V65: =SUM(S65-U65) -> 10500000 | W65: =SUM(V65) -> 10500000 | X65: 0.11 | Y65: =SUM(W65+(W65*X65)) -> 11655000
A66: 3 | B66: 45670 | C66: 117240125 | D66: RS Andhika | E66: Disposable Syiringe 10 cc Onemed | F66: 10 | G66: box | H66: 250000 | I66: =SUM(F66*H66) -> 2500000 | J66: 0.2 | K66: =SUM(I66*J66) -> 500000 | L66: =SUM(I66-K66) -> 2000000 | M66: =SUM(L66:L72) -> 7775800 | N66: =SUM(M66*11%) -> 855338 | P66: =SUM(M66+N66) -> 8631138 | Q66: PT INTI MEDICOM RETAILINDO | R66: 90090 | S66: =SUM(F66*R66) -> 900900 | T66: 0 | U66: =SUM(S66*T66) -> 0 | V66: =SUM(S66-U66) -> 900900 | W66: =SUM(V66) -> 900900 | X66: 0.11 | Y66: =SUM(W66+(W66*X66)) -> 999999
E67: Disposable Syiringe 1 cc Onemed | F67: 10 | G67: box | H67: 160000 | I67: =SUM(F67*H67) -> 1600000 | J67: 0.2 | K67: =SUM(I67*J67) -> 320000 | L67: =SUM(I67-K67) -> 1280000 | Q67: PT INTI MEDICOM RETAILINDO | R67: 57658 | S67: =SUM(F67*R67) -> 576580 | T67: 0 | U67: =SUM(S67*T67) -> 0 | V67: =SUM(S67-U67) -> 576580 | W67: =SUM(V67) -> 576580 | X67: 0.11 | Y67: =SUM(W67+(W67*X67)) -> 640003.8
E68: Disposable Syiringe 20 cc Onemed | F68: 4 | G68: box | H68: 172500 | I68: =SUM(F68*H68) -> 690000 | J68: 0.2 | K68: =SUM(I68*J68) -> 138000 | L68: =SUM(I68-K68) -> 552000 | Q68: PT INTI MEDICOM RETAILINDO | R68: 62162 | S68: =SUM(F68*R68) -> 248648 | T68: 0 | U68: =SUM(S68*T68) -> 0 | V68: =SUM(S68-U68) -> 248648 | W68: =SUM(V68) -> 248648 | X68: 0.11 | Y68: =SUM(W68+(W68*X68)) -> 275999.28
E69: Disposable Syiringe 3 cc Onemed | F69: 15 | G69: box | H69: 145000 | I69: =SUM(F69*H69) -> 2175000 | J69: 0.2 | K69: =SUM(I69*J69) -> 435000 | L69: =SUM(I69-K69) -> 1740000 | Q69: PT INTI MEDICOM RETAILINDO | R69: 52252 | S69: =SUM(F69*R69) -> 783780 | T69: 0 | U69: =SUM(S69*T69) -> 0 | V69: =SUM(S69-U69) -> 783780 | W69: =SUM(V69) -> 783780 | X69: 0.11 | Y69: =SUM(W69+(W69*X69)) -> 869995.8
E70: Disposable Syiringe 50 cc Onemed | F70: 4 | G70: box | H70: 200000 | I70: =SUM(F70*H70) -> 800000 | J70: 0.2 | K70: =SUM(I70*J70) -> 160000 | L70: =SUM(I70-K70) -> 640000 | Q70: PT INTI MEDICOM RETAILINDO | R70: 72072 | S70: =SUM(F70*R70) -> 288288 | T70: 0 | U70: =SUM(S70*T70) -> 0 | V70: =SUM(S70-U70) -> 288288 | W70: =SUM(V70) -> 288288 | X70: 0.11 | Y70: =SUM(W70+(W70*X70)) -> 319999.68
E71: Disposable Syiringe 5 cc Onemed | F71: 10 | G71: box | H71: 157500 | I71: =SUM(F71*H71) -> 1575000 | J71: 0.2 | K71: =SUM(I71*J71) -> 315000 | L71: =SUM(I71-K71) -> 1260000 | Q71: PT INTI MEDICOM RETAILINDO | R71: 56757 | S71: =SUM(F71*R71) -> 567570 | T71: 0 | U71: =SUM(S71*T71) -> 0 | V71: =SUM(S71-U71) -> 567570 | W71: =SUM(V71) -> 567570 | X71: 0.11 | Y71: =SUM(W71+(W71*X71)) -> 630002.7
E72: Theeway Stop Cock tanpa selang Onemed | F72: 2 | G72: box | H72: 189875 | I72: =SUM(F72*H72) -> 379750 | J72: 0.2 | K72: =SUM(I72*J72) -> 75950 | L72: =SUM(I72-K72) -> 303800 | Q72: PT INTI MEDICOM RETAILINDO | R72: 106306 | S72: =SUM(F72*R72) -> 212612 | T72: 0 | U72: =SUM(S72*T72) -> 0 | V72: =SUM(S72-U72) -> 212612 | W72: =SUM(V72) -> 212612 | X72: 0.11 | Y72: =SUM(W72+(W72*X72)) -> 235999.32
A73: 9 | B73: 45667 | C73: 117250125 | D73: RS Andhika | E73: Disposable Syiringe 20 cc Terumo | F73: 2 | G73: kit | H73: 390000 | I73: =SUM(F73*H73) -> 780000 | J73: 0.2 | K73: =SUM(I73*J73) -> 156000 | L73: =SUM(I73-K73) -> 624000 | M73: =SUM(L73:L75) -> 7300000 | N73: =SUM(M73*11%) -> 803000 | P73: =SUM(M73+N73) -> 8103000 | Q73: HANALAB | R73: 202703 | S73: =SUM(F73*R73) -> 405406 | T73: 0 | U73: =SUM(S73*T73) -> 0 | V73: =SUM(S73-U73) -> 405406 | W73: =SUM(V73) -> 405406 | X73: 0.11 | Y73: =SUM(W73+(W73*X73)) -> 450000.66
E74: Disposable Syiringe 20 cc Onemed | F74: 2 | G74: kit | H74: 172500 | I74: =SUM(F74*H74) -> 345000 | J74: 0.2 | K74: =SUM(I74*J74) -> 69000 | L74: =SUM(I74-K74) -> 276000 | Q74: PT INTI MEDICOM RETAILINDO | R74: 62162 | S74: =SUM(F74*R74) -> 124324 | T74: 0 | U74: =SUM(S74*T74) -> 0 | V74: =SUM(S74-U74) -> 124324 | W74: =SUM(V74) -> 124324 | X74: 0.11 | Y74: =SUM(W74+(W74*X74)) -> 137999.64
E75: Glove latex non steril size s Free powder Sritrang | F75: 100 | G75: box | H75: 80000 | I75: =SUM(F75*H75) -> 8000000 | J75: 0.2 | K75: =SUM(I75*J75) -> 1600000 | L75: =SUM(I75-K75) -> 6400000 | Q75: HANALAB | R75: 32432 | S75: =SUM(F75*R75) -> 3243200 | T75: 0 | U75: =SUM(S75*T75) -> 0 | V75: =SUM(S75-U75) -> 3243200 | W75: =SUM(V75) -> 3243200 | X75: 0.11 | Y75: =SUM(W75+(W75*X75)) -> 3599952
A76: 5 | B76: 45670 | C76: =117310125 -> 117310125 | D76: RS Andhika | E76: Contour Plus BG Test Strip 1x50 | F76: 40 | G76: box | H76: 235360 | I76: =SUM(F76*H76) -> 9414400 | J76: 0.2 | K76: =SUM(I76*J76) -> 1882880 | L76: =SUM(I76-K76) -> 7531520 | M76: =SUM(L76:L84) -> 23858024 | N76: =SUM(M76*11%) -> 2624382.6 | P76: =SUM(M76+N76) -> 26482407 | Q76: PT GOBEL DHARMA NUSANTARA | R76: 154000 | S76: =SUM(F76*R76) -> 6160000 | T76: 0.25 | U76: =SUM(S76*T76) -> 1540000 | V76: =SUM(S76-U76) -> 4620000 | W76: =SUM(V76) -> 4620000 | X76: 0.11 | Y76: =SUM(W76+(W76*X76)) -> 5128200
E77: Insuline Pen Needle 32G x 4mm BD | F77: 2 | G77: box | H77: 316250 | I77: =SUM(F77*H77) -> 632500 | J77: 0.2 | K77: =SUM(I77*J77) -> 126500 | L77: =SUM(I77-K77) -> 506000 | Q77: HANALAB | R77: 189200 | S77: =SUM(F77*R77) -> 378400 | T77: 0 | U77: =SUM(S77*T77) -> 0 | V77: =SUM(S77-U77) -> 378400 | W77: =SUM(V77) -> 378400 | X77: 0.11 | Y77: =SUM(W77+(W77*X77)) -> 420024
E78: OK Plast isi 100 pcs/box | F78: 25 | G78: box | H78: 37500 | I78: =SUM(F78*H78) -> 937500 | J78: 0.2 | K78: =SUM(I78*J78) -> 187500 | L78: =SUM(I78-K78) -> 750000 | Q78: Agel Mandiri | R78: 20000 | S78: =SUM(F78*R78) -> 500000 | T78: 0 | U78: =SUM(S78*T78) -> 0 | V78: =SUM(S78-U78) -> 500000 | W78: =SUM(V78) -> 500000 | X78: 0 | Y78: =SUM(W78+(W78*X78)) -> 500000
E79: Thermal Papper Besar | F79: 10 | G79: roll | H79: 44938 | I79: =SUM(F79*H79) -> 449380 | J79: 0.2 | K79: =SUM(I79*J79) -> 89876 | L79: =SUM(I79-K79) -> 359504 | Q79: INTERMEDIA | R79: 6000 | S79: =SUM(F79*R79) -> 60000 | T79: 0 | U79: =SUM(S79*T79) -> 0 | V79: =SUM(S79-U79) -> 60000 | W79: =SUM(V79) -> 60000 | X79: 0 | Y79: =SUM(W79+(W79*X79)) -> 60000
E80: Crea 72 ml Mindray | F80: 2 | G80: kit | H80: 3328000 | I80: =SUM(F80*H80) -> 6656000 | J80: 0 | K80: =SUM(I80*J80) -> 0 | L80: =SUM(I80-K80) -> 6656000 | Q80: PT TRIPATRIA ANDALAN MERDEKA | R80: 500500 | S80: =SUM(F80*R80) -> 1001000 | T80: 0 | U80: =SUM(S80*T80) -> 0 | V80: =SUM(S80-U80) -> 1001000 | W80: =SUM(V80) -> 1001000 | X80: 0.11 | Y80: =SUM(W80+(W80*X80)) -> 1111110
E81: Spinocan No 26G BBraun | F81: 3 | G81: box | H81: 2000000 | I81: =SUM(F81*H81) -> 6000000 | J81: 0.2 | K81: =SUM(I81*J81) -> 1200000 | L81: =SUM(I81-K81) -> 4800000 | Q81: PT MARGO JAYA LESTARI | R81: 1200000 | S81: =SUM(F81*R81) -> 3600000 | T81: 0.1 | U81: =SUM(S81*T81) -> 360000 | V81: =SUM(S81-U81) -> 3240000 | W81: =SUM(V81) -> 3240000 | X81: 0.11 | Y81: =SUM(W81+(W81*X81)) -> 3596400
E82: Thermal Papper 4,9mm Mindray | F82: 10 | G82: roll | H82: 113500 | I82: =SUM(F82*H82) -> 1135000 | J82: 0 | K82: =SUM(I82*J82) -> 0 | L82: =SUM(I82-K82) -> 1135000 | Q82: PT SMS | R82: 13000 | S82: =SUM(F82*R82) -> 130000 | T82: 0 | U82: =SUM(S82*T82) -> 0 | V82: =SUM(S82-U82) -> 130000 | W82: =SUM(V82) -> 130000 | X82: 0.11 | Y82: =SUM(W82+(W82*X82)) -> 144300
E83: IV Cathetr with wing 18G Onemed | F83: 4 | G83: box | H83: 331250 | I83: =SUM(F83*H83) -> 1325000 | J83: 0.2 | K83: =SUM(I83*J83) -> 265000 | L83: =SUM(I83-K83) -> 1060000 | Q83: PT INTI MEDICOM RETAILINDO | R83: 130631 | S83: =SUM(F83*R83) -> 522524 | T83: 0 | U83: =SUM(S83*T83) -> 0 | V83: =SUM(S83-U83) -> 522524 | W83: =SUM(V83) -> 522524 | X83: 0.11 | Y83: =SUM(W83+(W83*X83)) -> 580001.64
E84: IV Cathetr with wing 20G Onemed | F84: 4 | G84: box | H84: 331250 | I84: =SUM(F84*H84) -> 1325000 | J84: 0.2 | K84: =SUM(I84*J84) -> 265000 | L84: =SUM(I84-K84) -> 1060000 | Q84: PT INTI MEDICOM RETAILINDO | R84: 130631 | S84: =SUM(F84*R84) -> 522524 | T84: 0 | U84: =SUM(S84*T84) -> 0 | V84: =SUM(S84-U84) -> 522524 | W84: =SUM(V84) -> 522524 | X84: 0.11 | Y84: =SUM(W84+(W84*X84)) -> 580001.64
A85: 3 | B85: 45665 | C85: 117320125 | D85: RS Andhika | E85: Endotracheal tube cuffed no. 8 Anara | F85: 20 | G85: box | H85: 32500 | I85: =SUM(F85*H85) -> 650000 | J85: 0.2 | K85: =SUM(I85*J85) -> 130000 | L85: =SUM(I85-K85) -> 520000 | M85: =SUM(L85:L106) -> 35956480 | N85: =SUM(M85*11%) -> 3955212.8 | P85: =SUM(M85+N85) -> 39911693 | Q85: PT ANARA TRISAKTI MEDIKA | R85: 23000 | S85: =SUM(F85*R85) -> 460000 | T85: 0.25 | U85: =SUM(S85*T85) -> 115000 | V85: =SUM(S85-U85) -> 345000 | W85: =SUM(V85) -> 345000 | X85: 0.11 | Y85: =SUM(W85+(W85*X85)) -> 382950
E86: Extension tube 1500mm Terumo | F86: 200 | G86: pcs | H86: 59000 | I86: =SUM(F86*H86) -> 11800000 | J86: 0.2 | K86: =SUM(I86*J86) -> 2360000 | L86: =SUM(I86-K86) -> 9440000 | Q86: PT SAMMARIE TRAMEDIFA | R86: 37300 | S86: =SUM(F86*R86) -> 7460000 | T86: 0.2 | U86: =SUM(S86*T86) -> 1492000 | V86: =SUM(S86-U86) -> 5968000 | W86: =SUM(V86) -> 5968000 | X86: 0.11 | Y86: =SUM(W86+(W86*X86)) -> 6624480
E87: Guedel Airway no. 4 Forsch | F87: 10 | G87: box | H87: 25000 | I87: =SUM(F87*H87) -> 250000 | J87: 0.2 | K87: =SUM(I87*J87) -> 50000 | L87: =SUM(I87-K87) -> 200000 | Q87: PT ANARA TRISAKSI | R87: 15000 | S87: =SUM(F87*R87) -> 150000 | T87: 0.1 | U87: =SUM(S87*T87) -> 15000 | V87: =SUM(S87-U87) -> 135000 | W87: =SUM(V87) -> 135000 | X87: 0.11 | Y87: =SUM(W87+(W87*X87)) -> 149850
E88: Nebulizer Mask Adult VICOM | F88: 50 | G88: pcs | H88: 49500 | I88: =SUM(F88*H88) -> 2475000 | J88: 0.2 | K88: =SUM(I88*J88) -> 495000 | L88: =SUM(I88-K88) -> 1980000 | Q88: PT KARYA PRATAMA | R88: 24685 | S88: =SUM(F88*R88) -> 1234250 | T88: 0.3 | U88: =SUM(S88*T88) -> 370275 | V88: =SUM(S88-U88) -> 863975 | W88: =SUM(V88) -> 863975 | X88: 0.11 | Y88: =SUM(W88+(W88*X88)) -> 959012.25
E89: Masker Non Rebreathing Adult VICOM | F89: 100 | G89: box | H89: 43375 | I89: =SUM(F89*H89) -> 4337500 | J89: 0.2 | K89: =SUM(I89*J89) -> 867500 | L89: =SUM(I89-K89) -> 3470000 | Q89: PT KARYA PRATAMA | R89: 23514 | S89: =SUM(F89*R89) -> 2351400 | T89: 0.3 | U89: =SUM(S89*T89) -> 705420 | V89: =SUM(S89-U89) -> 1645980 | W89: =SUM(V89) -> 1645980 | X89: 0.11 | Y89: =SUM(W89+(W89*X89)) -> 1827037.8
E90: Masker Non Rebreathing Child VICOM | F90: 50 | G90: box | H90: 43375 | I90: =SUM(F90*H90) -> 2168750 | J90: 0.2 | K90: =SUM(I90*J90) -> 433750 | L90: =SUM(I90-K90) -> 1735000 | Q90: PT KARYA PRATAMA | R90: 23514 | S90: =SUM(F90*R90) -> 1175700 | T90: 0.3 | U90: =SUM(S90*T90) -> 352710 | V90: =SUM(S90-U90) -> 822990 | W90: =SUM(V90) -> 822990 | X90: 0.11 | Y90: =SUM(W90+(W90*X90)) -> 913518.9
E91: Nurse Cap isi 100 pcs Onemed | F91: 10 | G91: box | H91: 68750 | I91: =SUM(F91*H91) -> 687500 | J91: 0.2 | K91: =SUM(I91*J91) -> 137500 | L91: =SUM(I91-K91) -> 550000 | Q91: PT HANALAB | R91: 31532 | S91: =SUM(F91*R91) -> 315320 | T91: 0 | U91: =SUM(S91*T91) -> 0 | V91: =SUM(S91-U91) -> 315320 | W91: =SUM(V91) -> 315320 | X91: 0.11 | Y91: =SUM(W91+(W91*X91)) -> 350005.2
E92: Gelang Pasein anak biru insert card isi 100 pcs Remedi | F92: 5 | G92: box | H92: 122264 | I92: =SUM(F92*H92) -> 611320 | J92: 0.2 | K92: =SUM(I92*J92) -> 122264 | L92: =SUM(I92-K92) -> 489056 | Q92: EKOMED | R92: 68468 | S92: =SUM(F92*R92) -> 342340 | T92: 0 | U92: =SUM(S92*T92) -> 0 | V92: =SUM(S92-U92) -> 342340 | W92: =SUM(V92) -> 342340 | X92: 0.11 | Y92: =SUM(W92+(W92*X92)) -> 379997.4
E93: Gelang Pasein anak pink insert card isi 100 pcs Remedi | F93: 5 | G93: box | H93: 122264 | I93: =SUM(F93*H93) -> 611320 | J93: 0.2 | K93: =SUM(I93*J93) -> 122264 | L93: =SUM(I93-K93) -> 489056 | Q93: EKOMED | R93: 68468 | S93: =SUM(F93*R93) -> 342340 | T93: 0 | U93: =SUM(S93*T93) -> 0 | V93: =SUM(S93-U93) -> 342340 | W93: =SUM(V93) -> 342340 | X93: 0.11 | Y93: =SUM(W93+(W93*X93)) -> 379997.4
E94: Gelang Pasein Dewasa biru insert card isi 100 pcs Remedi | F94: 5 | G94: box | H94: 122264 | I94: =SUM(F94*H94) -> 611320 | J94: 0.2 | K94: =SUM(I94*J94) -> 122264 | L94: =SUM(I94-K94) -> 489056 | Q94: EKOMED | R94: 68468 | S94: =SUM(F94*R94) -> 342340 | T94: 0 | U94: =SUM(S94*T94) -> 0 | V94: =SUM(S94-U94) -> 342340 | W94: =SUM(V94) -> 342340 | X94: 0.11 | Y94: =SUM(W94+(W94*X94)) -> 379997.4
E95: Gelang Pasein Dewasa pink insert card isi 100 pcs Remedi | F95: 5 | G95: box | H95: 122264 | I95: =SUM(F95*H95) -> 611320 | J95: 0.2 | K95: =SUM(I95*J95) -> 122264 | L95: =SUM(I95-K95) -> 489056 | Q95: EKOMED | R95: 68468 | S95: =SUM(F95*R95) -> 342340 | T95: 0 | U95: =SUM(S95*T95) -> 0 | V95: =SUM(S95-U95) -> 342340 | W95: =SUM(V95) -> 342340 | X95: 0.11 | Y95: =SUM(W95+(W95*X95)) -> 379997.4
E96: Pisau Cukur Gilette | F96: 200 | G96: box | H96: 20000 | I96: =SUM(F96*H96) -> 4000000 | J96: 0.2 | K96: =SUM(I96*J96) -> 800000 | L96: =SUM(I96-K96) -> 3200000 | Q96: PT SAMMARIE TRAMEDIFA | R96: 10500 | S96: =SUM(F96*R96) -> 2100000 | T96: 0 | U96: =SUM(S96*T96) -> 0 | V96: =SUM(S96-U96) -> 2100000 | W96: =SUM(V96) -> 2100000 | X96: 0.11 | Y96: =SUM(W96+(W96*X96)) -> 2331000
E97: Spalk Infus size L Anara | F97: 50 | G97: box | H97: 15500 | I97: =SUM(F97*H97) -> 775000 | J97: 0.2 | K97: =SUM(I97*J97) -> 155000 | L97: =SUM(I97-K97) -> 620000 | Q97: PT ANARA TRISAKSI | R97: 11046 | S97: =SUM(F97*R97) -> 552300 | T97: 0.1 | U97: =SUM(S97*T97) -> 55230 | V97: =SUM(S97-U97) -> 497070 | W97: =SUM(V97) -> 497070 | X97: 0.11 | Y97: =SUM(W97+(W97*X97)) -> 551747.7
... E106: Umbilical cosa Nylon Onemed | F106: 2 | G106: box | H106: 220650 | I106: =SUM(F106*H106) -> 441300 | J106: 0.2 | K106: =SUM(I106*J106) -> 88260 | L106: =SUM(I106-K106) -> 353040 | Q106: PT INTI MEDICOM RETAILINDO | R106: 150000 | S106: =SUM(F106*R106) -> 300000 | T106: 0.15 | U106: =SUM(S106*T106) -> 45000 | V106: =SUM(S106-U106) -> 255000 | W106: =SUM(V106) -> 255000 | X106: 0.11 | Y106: =SUM(W106+(W106*X106)) -> 283050
A107: 4 | B107: 45672 | C107: 117360125 | D107: RS Andhika | E107: Disposable Syiringe 10 cc Onemed | F107: 15 | G107: box | H107: 250000 | I107: =SUM(F107*H107) -> 3750000 | J107: 0.2 | K107: =SUM(I107*J107) -> 750000 | L107: =SUM(I107-K107) -> 3000000 | M107: =SUM(L107:L109) -> 6000000 | N107: =SUM(M107*11%) -> 660000 | P107: =SUM(M107+N107) -> 6660000 | Q107: Hanalab | R107: 85586 | S107: =SUM(F107*R107) -> 1283790 | T107: 0 | U107: =SUM(S107*T107) -> 0 | V107: =SUM(S107-U107) -> 1283790 | W107: =SUM(V107) -> 1283790 | X107: 0.11 | Y107: =SUM(W107+(W107*X107)) -> 1425006.9
E108: Disposable Syiringe 3 cc Onemed | F108: 15 | G108: box | H108: 145000 | I108: =SUM(F108*H108) -> 2175000 | J108: 0.2 | K108: =SUM(I108*J108) -> 435000 | L108: =SUM(I108-K108) -> 1740000 | Q108: Hanalab | R108: 52252 | S108: =SUM(F108*R108) -> 783780 | T108: 0 | U108: =SUM(S108*T108) -> 0 | V108: =SUM(S108-U108) -> 783780 | W108: =SUM(V108) -> 783780 | X108: 0.11 | Y108: =SUM(W108+(W108*X108)) -> 869995.8
E109: Disposable Syiringe 5 cc Onemed | F109: 10 | G109: box | H109: 157500 | I109: =SUM(F109*H109) -> 1575000 | J109: 0.2 | K109: =SUM(I109*J109) -> 315000 | L109: =SUM(I109-K109) -> 1260000 | Q109: Hanalab | R109: 54054 | S109: =SUM(F109*R109) -> 540540 | T109: 0 | U109: =SUM(S109*T109) -> 0 | V109: =SUM(S109-U109) -> 540540 | W109: =SUM(V109) -> 540540 | X109: 0.11 | Y109: =SUM(W109+(W109*X109)) -> 599999.4
P111: =SUM(P15+P66+P73+P76+P85+P107) -> 2.1386137e+08
A112: FEBRUARI 2025
A113: No. | B113: Faktur | D113: Nama Pelanggan | E113: Produk | F113: Quantity | H113: Harga Satuan | I113: Jumlah Harga | J113: Dics. | K113: Jumlah | L113: Jumlah | M113: Total | N113: PPN 11% | O113: PPH 1,5 % | P113: Total Tghan | Q113: DISTRIBUTOR | R113: Harga Pokok | S113: Harga Pokok | T113: DISCOUNT DISTRIBUTOR | U113: JUMLAH | V113: TOTAL | W113: TOTAL PMBELIAN | X113: PPN | Y113: TOTAL
B114: Tanggal | C114: No. Faktur | F114: jml | G114: Satuan | H114: ( Rp ) | I114: ( Rp ) | J114: ( % ) | K114: Discon ( Rp ) | L114: setelah Disc | M114: Tagihan | P114: stlh PPN | R114: beli (Satuan) | S114: beli (Total) | T114: % | U114: DISC | V114: STLH DISC | W114: SBLM PPN
A115: 1 | B115: 45693 | C115: 117490225 | D115: RS Andhika | E115: Alkohol Swab Sensi | F115: 20 | G115: box | H115: 27000 | I115: =SUM(F115*H115) -> 540000 | J115: 0.2 | K115: =SUM(I115*J115) -> 108000 | L115: =SUM(I115-K115) -> 432000 | M115: =SUM(L115:L139) -> 49396463 | N115: =SUM(M115*11%) -> 5433611 | P115: =SUM(M115+N115) -> 54830074 | Q115: SMS PRAMUKA | R115: 15000 | S115: =SUM(F115*R115) -> 300000 | T115: 0 | U115: =SUM(S115*T115) -> 0 | V115: =SUM(S115-U115) -> 300000 | W115: =SUM(V115) -> 300000 | X115: 0 | Y115: =SUM(W115+(W115*X115)) -> 300000
E116: Lancet 28G isi 100 pcs Gea | F116: 20 | G116: box | H116: 31250 | I116: =SUM(F116*H116) -> 625000 | J116: 0.2 | K116: =SUM(I116*J116) -> 125000 | L116: =SUM(I116-K116) -> 500000 | Q116: HANALAB | R116: 13514 | S116: =SUM(F116*R116) -> 270280 | T116: 0 | U116: =SUM(S116*T116) -> 0 | V116: =SUM(S116-U116) -> 270280 | W116: =SUM(V116) -> 270280 | X116: 0.11 | Y116: =SUM(W116+(W116*X116)) -> 300010.8
E117: Blue tips (500pcs/pack) | F117: 2 | G117: kit | H117: 131000 | I117: =SUM(F117*H117) -> 262000 | J117: 0.2 | K117: =SUM(I117*J117) -> 52400 | L117: =SUM(I117-K117) -> 209600 | Q117: PT GOLDEN PRATAMA | R117: 50000 | S117: =SUM(F117*R117) -> 100000 | T117: 0 | U117: =SUM(S117*T117) -> 0 | V117: =SUM(S117-U117) -> 100000 | W117: =SUM(V117) -> 100000 | X117: 0.11 | Y117: =SUM(W117+(W117*X117)) -> 111000
E118: Disposable Syiringe 1 cc Onemed | F118: 10 | G118: box | H118: 160000 | I118: =SUM(F118*H118) -> 1600000 | J118: 0.2 | K118: =SUM(I118*J118) -> 320000 | L118: =SUM(I118-K118) -> 1280000 | Q118: PT INTI MEDICOM RETAILINDO | R118: 57658 | S118: =SUM(F118*R118) -> 576580 | T118: 0 | U118: =SUM(S118*T118) -> 0 | V118: =SUM(S118-U118) -> 576580 | W118: =SUM(V118) -> 576580 | X118: 0.11 | Y118: =SUM(W118+(W118*X118)) -> 640003.8
E119: Disposable Syiringe 3 cc Onemed | F119: 5 | G119: box | H119: 145000 | I119: =SUM(F119*H119) -> 725000 | J119: 0.2 | K119: =SUM(I119*J119) -> 145000 | L119: =SUM(I119-K119) -> 580000 | Q119: PT INTI MEDICOM RETAILINDO | R119: 52252 | S119: =SUM(F119*R119) -> 261260 | T119: 0 | U119: =SUM(S119*T119) -> 0 | V119: =SUM(S119-U119) -> 261260 | W119: =SUM(V119) -> 261260 | X119: 0.11 | Y119: =SUM(W119+(W119*X119)) -> 289998.6
E120: Contour Plus BG Test Strip 1x50 | F120: 40 | G120: box | H120: 235360 | I120: =SUM(F120*H120) -> 9414400 | J120: 0.2 | K120: =SUM(I120*J120) -> 1882880 | L120: =SUM(I120-K120) -> 7531520 | Q120: PT GOBEL DHARMA NUSANTARA | R120: 154000 | S120: =SUM(F120*R120) -> 6160000 | T120: 0.25 | U120: =SUM(S120*T120) -> 1540000 | V120: =SUM(S120-U120) -> 4620000 | W120: =SUM(V120) -> 4620000 | X120: 0.11 | Y120: =SUM(W120+(W120*X120)) -> 5128200
E121: Giemsa 500 ml MERCK | F121: 1 | G121: botol | H121: 2792500 | I121: =SUM(F121*H121) -> 2792500 | J121: 0.2 | K121: =SUM(I121*J121) -> 558500 | L121: =SUM(I121-K121) -> 2234000 | Q121: PT BUMI INDAH | R121: 1675000 | S121: =SUM(F121*R121) -> 1675000 | T121: 0.1 | U121: =SUM(S121*T121) -> 167500 | V121: =SUM(S121-U121) -> 1507500 | W121: =SUM(V121) -> 1507500 | X121: 0.11 | Y121: =SUM(W121+(W121*X121)) -> 1673325
E122: Glove nitril non sterile size S sritrang | F122: 50 | G122: box | H122: 87500 | I122: =SUM(F122*H122) -> 4375000 | J122: 0.2 | K122: =SUM(I122*J122) -> 875000 | L122: =SUM(I122-K122) -> 3500000 | Q122: HANALAB | R122: 36036 | S122: =SUM(F122*R122) -> 1801800 | T122: 0 | U122: =SUM(S122*T122) -> 0 | V122: =SUM(S122-U122) -> 1801800 | W122: =SUM(V122) -> 1801800 | X122: 0.11 | Y122: =SUM(W122+(W122*X122)) -> 1999998
E123: Glove latex non steril size s Free powder Sritrang | F123: 40 | G123: box | H123: 80000 | I123: =SUM(F123*H123) -> 3200000 | J123: 0.2 | K123: =SUM(I123*J123) -> 640000 | L123: =SUM(I123-K123) -> 2560000 | Q123: HANALAB | R123: 31532 | S123: =SUM(F123*R123) -> 1261280 | T123: 0 | U123: =SUM(S123*T123) -> 0 | V123: =SUM(S123-U123) -> 1261280 | W123: =SUM(V123) -> 1261280 | X123: 0.11 | Y123: =SUM(W123+(W123*X123)) -> 1400020.8
E124: HCG Device 25 test/box Orient Gene | F124: 1 | G124: box | H124: 235000 | I124: =SUM(F124*H124) -> 235000 | J124: 0.2 | K124: =SUM(I124*J124) -> 47000 | L124: =SUM(I124-K124) -> 188000 | Q124: PT LINTANG DIAGNOSTIK | R124: 190000 | S124: =SUM(F124*R124) -> 190000 | T124: 0.5 | U124: =SUM(S124*T124) -> 95000 | V124: =SUM(S124-U124) -> 95000 | W124: =SUM(V124) -> 95000 | X124: 0.11 | Y124: =SUM(W124+(W124*X124)) -> 105450
E125: Lipids Calibrator 1 ml Mindray | F125: 1 | G125: vial | H125: 905000 | I125: =SUM(F125*H125) -> 905000 | J125: 0 | K125: =SUM(I125*J125) -> 0 | L125: =SUM(I125-K125) -> 905000 | Q125: PT TRIPATRIA ANDALAN MERDEKA | R125: 459250 | S125: =SUM(F125*R125) -> 459250 | T125: 0 | U125: =SUM(S125*T125) -> 0 | V125: =SUM(S125-U125) -> 459250 | W125: =SUM(V125) -> 459250 | X125: 0.11 | Y125: =SUM(W125+(W125*X125)) -> 509767.5
E126: Needle No 25G Terumo | F126: 2 | G126: vial | H126: 206250 | I126: =SUM(F126*H126) -> 412500 | J126: 0.2 | K126: =SUM(I126*J126) -> 82500 | L126: =SUM(I126-K126) -> 330000 | Q126: HANALAB | R126: 49550 | S126: =SUM(F126*R126) -> 99100 | T126: 0 | U126: =SUM(S126*T126) -> 0 | V126: =SUM(S126-U126) -> 99100 | W126: =SUM(V126) -> 99100 | X126: 0.11 | Y126: =SUM(W126+(W126*X126)) -> 110001
E127: OK Plast isi 100 pcs/box | F127: 15 | G127: box | H127: 37500 | I127: =SUM(F127*H127) -> 562500 | J127: 0.2 | K127: =SUM(I127*J127) -> 112500 | L127: =SUM(I127-K127) -> 450000 | Q127: Agel Mandiri | R127: 20000 | S127: =SUM(F127*R127) -> 300000 | T127: 0 | U127: =SUM(S127*T127) -> 0 | V127: =SUM(S127-U127) -> 300000 | W127: =SUM(V127) -> 300000 | X127: 0 | Y127: =SUM(W127+(W127*X127)) -> 300000
... E139: Yellow Tips 1000pcs/pack | F139: 2 | G139: pack | H139: 174000 | I139: =SUM(F139*H139) -> 348000 | J139: 0.2 | K139: =SUM(I139*J139) -> 69600 | L139: =SUM(I139-K139) -> 278400 | Q139: PT VIPRO | R139: 23636 | S139: =SUM(F139*R139) -> 47272 | T139: 0 | U139: =SUM(S139*T139) -> 0 | V139: =SUM(S139-U139) -> 47272 | W139: =SUM(V139) -> 47272 | X139: 0.11 | Y139: =SUM(W139+(W139*X139)) -> 52471.92
A140: 2 | B140: 45693 | C140: 117500225 | D140: RS Andhika | E140: Albumin 160ml Mindray | F140: 1 | G140: kit | H140: 627000 | I140: =SUM(F140*H140) -> 627000 | J140: 0 | K140: =SUM(I140*J140) -> 0 | L140: =SUM(I140-K140) -> 627000 | M140: =SUM(L140:L158) -> 83560000 | N140: =SUM(M140*11%) -> 9191600 | P140: =SUM(M140+N140) -> 92751600 | Q140: PT TRIPATRIA ANDALAN MERDEKA | R140: 270930 | S140: =SUM(F140*R140) -> 270930 | T140: 0 | U140: =SUM(S140*T140) -> 0 | V140: =SUM(S140-U140) -> 270930 | W140: =SUM(V140) -> 270930 | X140: 0.11 | Y140: =SUM(W140+(W140*X140)) -> 300732.3
E141: ALT 176 ml Mindray | F141: 1 | G141: kit | H141: 983000 | I141: =SUM(F141*H141) -> 983000 | J141: 0 | K141: =SUM(I141*J141) -> 0 | L141: =SUM(I141-K141) -> 983000 | Q141: PT TRIPATRIA ANDALAN MERDEKA | R141: 424765 | S141: =SUM(F141*R141) -> 424765 | T141: 0 | U141: =SUM(S141*T141) -> 0 | V141: =SUM(S141-U141) -> 424765 | W141: =SUM(V141) -> 424765 | X141: 0.11 | Y141: =SUM(W141+(W141*X141)) -> 471489.15
E142: CK-MB Neo Ichroma | F142: 1 | G142: box | H142: 4583750 | I142: =SUM(F142*H142) -> 4583750 | J142: 0.2 | K142: =SUM(I142*J142) -> 916750 | L142: =SUM(I142-K142) -> 3667000 | Q142: PT ZOE PELITA NUSANTARA | R142: 1625000 | S142: =SUM(F142*R142) -> 1625000 | T142: 0.25 | U142: =SUM(S142*T142) -> 406250 | V142: =SUM(S142-U142) -> 1218750 | W142: =SUM(V142) -> 1218750 | X142: 0.11 | Y142: =SUM(W142+(W142*X142)) -> 1352812.5
E143: GOLDAR Anti A (1 vial) BIOCON | F143: 1 | G143: vial | H143: 187500 | I143: =SUM(F143*H143) -> 187500 | J143: 0.2 | K143: =SUM(I143*J143) -> 37500 | L143: =SUM(I143-K143) -> 150000 | Q143: PT BAVARIA | R143: 102000 | S143: =SUM(F143*R143) -> 102000 | T143: 0.2 | U143: =SUM(S143*T143) -> 20400 | V143: =SUM(S143-U143) -> 81600 | W143: =SUM(V143) -> 81600 | X143: 0.11 | Y143: =SUM(W143+(W143*X143)) -> 90576
E144: GOLDAR Anti B (1 vial) BIOCON | F144: 2 | G144: vial | H144: 187500 | I144: =SUM(F144*H144) -> 375000 | J144: 0.2 | K144: =SUM(I144*J144) -> 75000 | L144: =SUM(I144-K144) -> 300000 | Q144: PT BAVARIA | R144: 85000 | S144: =SUM(F144*R144) -> 170000 | T144: 0.2 | U144: =SUM(S144*T144) -> 34000 | V144: =SUM(S144-U144) -> 136000 | W144: =SUM(V144) -> 136000 | X144: 0.11 | Y144: =SUM(W144+(W144*X144)) -> 150960
E145: HbA1c isi 25 test/box Ichroma | F145: 4 | G145: box | H145: 2708750 | I145: =SUM(F145*H145) -> 10835000 | J145: 0.2 | K145: =SUM(I145*J145) -> 2167000 | L145: =SUM(I145-K145) -> 8668000 | Q145: PT ZOE PELITA NUSANTARA | R145: 1625000 | S145: =SUM(F145*R145) -> 6500000 | T145: 0.25 | U145: =SUM(S145*T145) -> 1625000 | V145: =SUM(S145-U145) -> 4875000 | W145: =SUM(V145) -> 4875000 | X145: 0.11 | Y145: =SUM(W145+(W145*X145)) -> 5411250
E146: M52 Diluent 20 L Mindray | F146: 5 | G146: box | H146: 1682000 | I146: =SUM(F146*H146) -> 8410000 | J146: 0 | K146: =SUM(I146*J146) -> 0 | L146: =SUM(I146-K146) -> 8410000 | Q146: PT TRIPATRIA ANDALAN MERDEKA | R146: 557000 | S146: =SUM(F146*R146) -> 2785000 | T146: 0 | U146: =SUM(S146*T146) -> 0 | V146: =SUM(S146-U146) -> 2785000 | W146: =SUM(V146) -> 2785000 | X146: 0.11 | Y146: =SUM(W146+(W146*X146)) -> 3091350
E147: BC-5D Hematology Control Mindray | F147: 1 | G147: vial | H147: 989000 | I147: =SUM(F147*H147) -> 989000 | J147: 0 | K147: =SUM(I147*J147) -> 0 | L147: =SUM(I147-K147) -> 989000 | Q147: PT SMS | R147: 877000 | S147: =SUM(F147*R147) -> 877000 | T147: 0.3 | U147: =SUM(S147*T147) -> 263100 | V147: =SUM(S147-U147) -> 613900 | W147: =SUM(V147) -> 613900 | X147: 0.11 | Y147: =SUM(W147+(W147*X147)) -> 681429
E148: Glu 200 ml Mindray | F148: 1 | G148: kit | H148: 489000 | I148: =SUM(F148*H148) -> 489000 | J148: 0 | K148: =SUM(I148*J148) -> 0 | L148: =SUM(I148-K148) -> 489000 | Q148: PT TRIPATRIA ANDALAN MERDEKA | R148: 211255 | S148: =SUM(F148*R148) -> 211255 | T148: 0 | U148: =SUM(S148*T148) -> 0 | V148: =SUM(S148-U148) -> 211255 | W148: =SUM(V148) -> 211255 | X148: 0.11 | Y148: =SUM(W148+(W148*X148)) -> 234493.05
E149: LDL Cholesterol 54 ml Mindray | F149: 2 | G149: kit | H149: 5588000 | I149: =SUM(F149*H149) -> 11176000 | J149: 0 | K149: =SUM(I149*J149) -> 0 | L149: =SUM(I149-K149) -> 11176000 | Q149: PT TRIPATRIA ANDALAN MERDEKA | R149: 2417690 | S149: =SUM(F149*R149) -> 4835380 | T149: 0 | U149: =SUM(S149*T149) -> 0 | V149: =SUM(S149-U149) -> 4835380 | W149: =SUM(V149) -> 4835380 | X149: 0.11 | Y149: =SUM(W149+(W149*X149)) -> 5367271.8
E150: M-52 Diff Lyse 500 ml Mindray | F150: 3 | G150: botol | H150: 2892000 | I150: =SUM(F150*H150) -> 8676000 | J150: 0 | K150: =SUM(I150*J150) -> 0 | L150: =SUM(I150-K150) -> 8676000 | Q150: PT TRIPATRIA ANDALAN MERDEKA | R150: 1462000 | S150: =SUM(F150*R150) -> 4386000 | T150: 0 | U150: =SUM(S150*T150) -> 0 | V150: =SUM(S150-U150) -> 4386000 | W150: =SUM(V150) -> 4386000 | X150: 0.11 | Y150: =SUM(W150+(W150*X150)) -> 4868460
E151: M-52 LH Lyse 100 ml Mindray | F151: 7 | G151: botol | H151: 1816000 | I151: =SUM(F151*H151) -> 12712000 | J151: 0 | K151: =SUM(I151*J151) -> 0 | L151: =SUM(I151-K151) -> 12712000 | Q151: PT TRIPATRIA ANDALAN MERDEKA | R151: 658000 | S151: =SUM(F151*R151) -> 4606000 | T151: 0 | U151: =SUM(S151*T151) -> 0 | V151: =SUM(S151-U151) -> 4606000 | W151: =SUM(V151) -> 4606000 | X151: 0.11 | Y151: =SUM(W151+(W151*X151)) -> 5112660
E152: Multisera Calibrator 3 ml Mindray | F152: 1 | G152: vial | H152: 552000 | I152: =SUM(F152*H152) -> 552000 | J152: 0 | K152: =SUM(I152*J152) -> 0 | L152: =SUM(I152-K152) -> 552000 | Q152: PT TRIPATRIA ANDALAN MERDEKA | R152: 264055 | S152: =SUM(F152*R152) -> 264055 | T152: 0 | U152: =SUM(S152*T152) -> 0 | V152: =SUM(S152-U152) -> 264055 | W152: =SUM(V152) -> 264055 | X152: 0.11 | Y152: =SUM(W152+(W152*X152)) -> 293101.05
... E158: Uric Acid 200 ml Mindray | F158: 1 | G158: kit | H158: 922000 | I158: =SUM(F158*H158) -> 922000 | J158: 0 | K158: =SUM(I158*J158) -> 0 | L158: =SUM(I158-K158) -> 922000 | Q158: PT TRIPATRIA ANDALAN MERDEKA | R158: 473110 | S158: =SUM(F158*R158) -> 473110 | T158: 0 | U158: =SUM(S158*T158) -> 0 | V158: =SUM(S158-U158) -> 473110 | W158: =SUM(V158) -> 473110 | X158: 0.11 | Y158: =SUM(W158+(W158*X158)) -> 525152.1
A159: 3 | B159: 45693 | C159: 117510225 | D159: RS Andhika | E159: Calibrant Fluid Pack CP100 EDAN | F159: 3 | G159: pack | H159: 3200000 | I159: =SUM(F159*H159) -> 9600000 | J159: 0 | K159: =SUM(I159*J159) -> 0 | L159: =SUM(I159-K159) -> 9600000 | M159: =SUM(L159:L160) -> 18300000 | N159: =SUM(M159*11%) -> 2013000 | P159: =SUM(M159+N159) -> 20313000 | Q159: PT NUSANTARA MEDCARE INDONESIA | R159: 1100000 | S159: =SUM(F159*R159) -> 3300000 | T159: 0 | U159: =SUM(S159*T159) -> 0 | V159: =SUM(S159-U159) -> 3300000 | W159: =SUM(V159) -> 3300000 | X159: 0.11 | Y159: =SUM(W159+(W159*X159)) -> 3663000
E160: Test Cartridge SC4 EDAN | F160: 1 | G160: set | H160: 8700000 | I160: =SUM(F160*H160) -> 8700000 | J160: 0 | K160: =SUM(I160*J160) -> 0 | L160: =SUM(I160-K160) -> 8700000 | Q160: PT NUSANTARA MEDCARE INDONESIA | R160: 3500000 | S160: =SUM(F160*R160) -> 3500000 | T160: 0 | U160: =SUM(S160*T160) -> 0 | V160: =SUM(S160-U160) -> 3500000 | W160: =SUM(V160) -> 3500000 | X160: 0.11 | Y160: =SUM(W160+(W160*X160)) -> 3885000
A161: 4 | B161: 45693 | C161: 117520225 | D161: RS Andhika | E161: Indexmedical Endotracheal Tube cuffed no. 5 | F161: 5 | G161: box | H161: 32500 | I161: =SUM(F161*H161) -> 162500 | J161: 0.2 | K161: =SUM(I161*J161) -> 32500 | L161: =SUM(I161-K161) -> 130000 | M161: =SUM(L161:L169) -> 3320000 | N161: =SUM(M161*11%) -> 365200 | P161: =SUM(M161+N161) -> 3685200 | Q161: PT ANARA TRISAKTI MEDIKA | R161: 23000 | S161: =SUM(F161*R161) -> 115000 | T161: 0.25 | U161: =SUM(S161*T161) -> 28750 | V161: =SUM(S161-U161) -> 86250 | W161: =SUM(V161) -> 86250 | X161: 0.11 | Y161: =SUM(W161+(W161*X161)) -> 95737.5
E162: Indexmedical Endotracheal Tube cuffed no. 6 | F162: 5 | G162: box | H162: 32500 | I162: =SUM(F162*H162) -> 162500 | J162: 0.2 | K162: =SUM(I162*J162) -> 32500 | L162: =SUM(I162-K162) -> 130000 | Q162: PT ANARA TRISAKTI MEDIKA | R162: 23000 | S162: =SUM(F162*R162) -> 115000 | T162: 0.25 | U162: =SUM(S162*T162) -> 28750 | V162: =SUM(S162-U162) -> 86250 | W162: =SUM(V162) -> 86250 | X162: 0.11 | Y162: =SUM(W162+(W162*X162)) -> 95737.5
E163: Indexmedical Endotracheal Tube cuffed no. 6.5 | F163: 5 | G163: box | H163: 32500 | I163: =SUM(F163*H163) -> 162500 | J163: 0.2 | K163: =SUM(I163*J163) -> 32500 | L163: =SUM(I163-K163) -> 130000 | Q163: PT ANARA TRISAKTI MEDIKA | R163: 23000 | S163: =SUM(F163*R163) -> 115000 | T163: 0.25 | U163: =SUM(S163*T163) -> 28750 | V163: =SUM(S163-U163) -> 86250 | W163: =SUM(V163) -> 86250 | X163: 0.11 | Y163: =SUM(W163+(W163*X163)) -> 95737.5
E164: Indexmedical Endotracheal Tube cuffed no. 7 .5 | F164: 15 | G164: box | H164: 32500 | I164: =SUM(F164*H164) -> 487500 | J164: 0.2 | K164: =SUM(I164*J164) -> 97500 | L164: =SUM(I164-K164) -> 390000 | Q164: PT ANARA TRISAKTI MEDIKA | R164: 23000 | S164: =SUM(F164*R164) -> 345000 | T164: 0.25 | U164: =SUM(S164*T164) -> 86250 | V164: =SUM(S164-U164) -> 258750 | W164: =SUM(V164) -> 258750 | X164: 0.11 | Y164: =SUM(W164+(W164*X164)) -> 287212.5
E165: Feeding Tube 3,5 35cm Terumo | F165: 10 | G165: pcs | H165: 96250 | I165: =SUM(F165*H165) -> 962500 | J165: 0.2 | K165: =SUM(I165*J165) -> 192500 | L165: =SUM(I165-K165) -> 770000 | Q165: PT ANARA TRISAKTI MEDIKA | R165: 38500 | S165: =SUM(F165*R165) -> 385000 | T165: 0.2 | U165: =SUM(S165*T165) -> 77000 | V165: =SUM(S165-U165) -> 308000 | W165: =SUM(V165) -> 308000 | X165: 0.11 | Y165: =SUM(W165+(W165*X165)) -> 341880
E166: Feeding Tube 8, 100cm Terumo | F166: 10 | G166: pcs | H166: 96250 | I166: =SUM(F166*H166) -> 962500 | J166: 0.2 | K166: =SUM(I166*J166) -> 192500 | L166: =SUM(I166-K166) -> 770000 | Q166: PT ANARA TRISAKTI MEDIKA | R166: 38500 | S166: =SUM(F166*R166) -> 385000 | T166: 0.2 | U166: =SUM(S166*T166) -> 77000 | V166: =SUM(S166-U166) -> 308000 | W166: =SUM(V166) -> 308000 | X166: 0.11 | Y166: =SUM(W166+(W166*X166)) -> 341880
E167: Feeding Tube no.10 JMS | F167: 10 | G167: pcs | H167: 75000 | I167: =SUM(F167*H167) -> 750000 | J167: 0.2 | K167: =SUM(I167*J167) -> 150000 | L167: =SUM(I167-K167) -> 600000 | Q167: PT ANARA TRISAKTI MEDIKA | R167: 42000 | S167: =SUM(F167*R167) -> 420000 | T167: 0.15 | U167: =SUM(S167*T167) -> 63000 | V167: =SUM(S167-U167) -> 357000 | W167: =SUM(V167) -> 357000 | X167: 0.11 | Y167: =SUM(W167+(W167*X167)) -> 396270
E168: Guedel Airway no. 5 Forsch | F168: 10 | G168: box | H168: 25000 | I168: =SUM(F168*H168) -> 250000 | J168: 0.2 | K168: =SUM(I168*J168) -> 50000 | L168: =SUM(I168-K168) -> 200000 | Q168: PT ANARA TRISAKTI MEDIKA | R168: 15000 | S168: =SUM(F168*R168) -> 150000 | T168: 0.1 | U168: =SUM(S168*T168) -> 15000 | V168: =SUM(S168-U168) -> 135000 | W168: =SUM(V168) -> 135000 | X168: 0.11 | Y168: =SUM(W168+(W168*X168)) -> 149850
...

Sheet PT MAIMUN TUAH
A1: BREAKDOWN PENJUALAN PT. MITRAJAYA SELARAS ABADI
A5: 2025
A10: JANUARI 2025
A11: No. | B11: Faktur | D11: Nama Pelanggan | E11: Produk | F11: Quantity | H11: Harga Satuan | I11: Jumlah Harga | J11: Dics. | K11: Jumlah | L11: Jumlah | M11: Total | N11: PPN 11% | O11: PPH 1,5 % | P11: Total Tghan | Q11: DISTRIBUTOR | R11: Harga Pokok | S11: Harga Pokok | T11: DISCOUNT DISTRIBUTOR | U11: JUMLAH | V11: TOTAL | W11: TOTAL PMBELIAN | X11: PPN | Y11: TOTAL
B12: Tanggal | C12: No. Faktur | F12: jml | G12: Satuan | H12: ( Rp ) | I12: ( Rp ) | J12: ( % ) | K12: Discon ( Rp ) | L12: setelah Disc | M12: Tagihan | P12: stlh PPN | R12: beli (Satuan) | S12: beli (Total) | T12: % | U12: DISC | V12: STLH DISC | W12: SBLM PPN
A13: 1 | B13: 45667 | C13: 117200125 | D13: PT Maimun Tuah Medika | E13: Glucose GOD-PAP LS 4x100ml mtd | F13: 2 | G13: kit | H13: 1372000 | I13: =SUM(F13*H13) -> 2744000 | J13: 0.25 | K13: =SUM(I13*J13) -> 686000 | L13: =SUM(I13-K13) -> 2058000 | M13: =SUM(L13:L16) -> 5558000 | N13: =SUM(M13*11%) -> 611380 | P13: =SUM(M13+N13) -> 6169380 | Q13: PT BAVARIA | R13: 420000 | S13: =SUM(F13*R13) -> 840000 | T13: 0 | U13: =SUM(S13*T13) -> 0 | V13: =SUM(S13-U13) -> 840000 | W13: =SUM(V13) -> 840000 | X13: 0.11 | Y13: =SUM(W13+(W13*X13)) -> 932400
E14: Urea Urease GLDH LS 4+1 UV 3x80ml mtd | F14: 1 | G14: kit | H14: 1960000 | I14: =SUM(F14*H14) -> 1960000 | J14: 0.25 | K14: =SUM(I14*J14) -> 490000 | L14: =SUM(I14-K14) -> 1470000 | Q14: PT BAVARIA | R14: 590000 | S14: =SUM(F14*R14) -> 590000 | T14: 0 | U14: =SUM(S14*T14) -> 0 | V14: =SUM(S14-U14) -> 590000 | W14: =SUM(V14) -> 590000 | X14: 0.11 | Y14: =SUM(W14+(W14*X14)) -> 654900
E15: GPT Alat IFCC LS 4+1 3x20 ml +1x15 ml mtd | F15: 2 | G15: kit | H15: 980000 | I15: =SUM(F15*H15) -> 1960000 | J15: 0.25 | K15: =SUM(I15*J15) -> 490000 | L15: =SUM(I15-K15) -> 1470000 | Q15: PT BAVARIA | R15: 300000 | S15: =SUM(F15*R15) -> 600000 | T15: 0 | U15: =SUM(S15*T15) -> 0 | V15: =SUM(S15-U15) -> 600000 | W15: =SUM(V15) -> 600000 | X15: 0.11 | Y15: =SUM(W15+(W15*X15)) -> 666000
E16: B30 Control Hematology 3 ml Mindray | F16: 1 | G16: vial | H16: 560000 | I16: =SUM(F16*H16) -> 560000 | J16: 0 | K16: =SUM(I16*J16) -> 0 | L16: =SUM(I16-K16) -> 560000 | Q16: PT TRIPATRIA ANDALAN MEDIKA | R16: 334000 | S16: =SUM(F16*R16) -> 334000 | T16: 0 | U16: =SUM(S16*T16) -> 0 | V16: =SUM(S16-U16) -> 334000 | W16: =SUM(V16) -> 334000 | X16: 0.11 | Y16: =SUM(W16+(W16*X16)) -> 370740
A17: 2 | B17: 45681 | C17: 117300125 | D17: PT Maimun Tuah Medika | E17: M30 CFL Lyse 500 ml Mindray | F17: 1 | G17: botol | H17: 1237000 | I17: =SUM(F17*H17) -> 1237000 | J17: 0 | K17: =SUM(I17*J17) -> 0 | L17: =SUM(I17-K17) -> 1237000 | M17: =SUM(L17:L19) -> 3022000 | N17: =SUM(M17*11%) -> 332420 | P17: =SUM(M17+N17) -> 3354420 | Q17: PT SMS | R17: 668000 | S17: =SUM(F17*R17) -> 668000 | T17: 0 | U17: =SUM(S17*T17) -> 0 | V17: =SUM(S17-U17) -> 668000 | W17: =SUM(V17) -> 668000 | X17: 0.11 | Y17: =SUM(W17+(W17*X17)) -> 741480
E18: Strip Urine WP-SU 10 G | F18: 3 | G18: box | H18: 350000 | I18: =SUM(F18*H18) -> 1050000 | J18: 0 | K18: =SUM(I18*J18) -> 0 | L18: =SUM(I18-K18) -> 1050000 | Q18: PT SMS | R18: 240000 | S18: =SUM(F18*R18) -> 720000 | T18: 0 | U18: =SUM(S18*T18) -> 0 | V18: =SUM(S18-U18) -> 720000 | W18: =SUM(V18) -> 720000 | X18: 0.11 | Y18: =SUM(W18+(W18*X18)) -> 799200
E19: GOT Asat IFCC LS 4+1 3x20 ml +1x15 ml mtd | F19: 1 | G19: kit | H19: 980000 | I19: =SUM(F19*H19) -> 980000 | J19: 0.25 | K19: =SUM(I19*J19) -> 245000 | L19: =SUM(I19-K19) -> 735000 | Q19: PT BAVARIA | R19: 300000 | S19: =SUM(F19*R19) -> 300000 | T19: 0 | U19: =SUM(S19*T19) -> 0 | V19: =SUM(S19-U19) -> 300000 | W19: =SUM(V19) -> 300000 | X19: 0.11 | Y19: =SUM(W19+(W19*X19)) -> 333000
A22: FEBRUARI 2025
A23: No. | B23: Faktur | D23: Nama Pelanggan | E23: Produk | F23: Quantity | H23: Harga Satuan | I23: Jumlah Harga | J23: Dics. | K23: Jumlah | L23: Jumlah | M23: Total | N23: PPN 11% | O23: PPH 1,5 % | P23: Total Tghan | Q23: DISTRIBUTOR | R23: Harga Pokok | S23: Harga Pokok | T23: DISCOUNT DISTRIBUTOR | U23: JUMLAH | V23: TOTAL | W23: TOTAL PMBELIAN | X23: PPN | Y23: TOTAL
B24: Tanggal | C24: No. Faktur | F24: jml | G24: Satuan | H24: ( Rp ) | I24: ( Rp ) | J24: ( % ) | K24: Discon ( Rp ) | L24: setelah Disc | M24: Tagihan | P24: stlh PPN | R24: beli (Satuan) | S24: beli (Total) | T24: % | U24: DISC | V24: STLH DISC | W24: SBLM PPN
A25: 1 | B25: 45334 | C25: 117440225 | D25: PT Maimun Tuah Medika | E25: Na/K/Cl 400ml Solution Pack Medica | F25: 2 | G25: pack | H25: 6164000 | I25: =SUM(F25*H25) -> 12328000 | J25: 0 | K25: =SUM(I25*J25) -> 0 | L25: =SUM(I25-K25) -> 12328000 | M25: =SUM(L25:L29) -> 15325438 | N25: =SUM(M25*11%) -> 1685798.1 | P25: =SUM(M25+N25) -> 17011236 | Q25: PRIMACO | R25: 4650000 | S25: =SUM(F25*R25) -> 9300000 | T25: 0.1 | U25: =SUM(S25*T25) -> 930000 | V25: =SUM(S25-U25) -> 8370000 | W25: =SUM(V25) -> 8370000 | X25: 0.11 | Y25: =SUM(W25+(W25*X25)) -> 9290700
E26: B30 Control Hematology 3 ml Mindray | F26: 1 | G26: vial | H26: 560000 | I26: =SUM(F26*H26) -> 560000 | J26: 0 | K26: =SUM(I26*J26) -> 0 | L26: =SUM(I26-K26) -> 560000 | Q26: PT TRIPATRIA ANDALAN MEDIKA | R26: 334000 | S26: =SUM(F26*R26) -> 334000 | T26: 0 | U26: =SUM(S26*T26) -> 0 | V26: =SUM(S26-U26) -> 334000 | W26: =SUM(V26) -> 334000 | X26: 0.11 | Y26: =SUM(W26+(W26*X26)) -> 370740
E27: Glucose GOD-PAP LS 4x100ml mtd | F27: 1 | G27: kit | H27: 1372000 | I27: =SUM(F27*H27) -> 1372000 | J27: 0.25 | K27: =SUM(I27*J27) -> 343000 | L27: =SUM(I27-K27) -> 1029000 | Q27: PT BAVARIA | R27: 420000 | S27: =SUM(F27*R27) -> 420000 | T27: 0 | U27: =SUM(S27*T27) -> 0 | V27: =SUM(S27-U27) -> 420000 | W27: =SUM(V27) -> 420000 | X27: 0.11 | Y27: =SUM(W27+(W27*X27)) -> 466200
E28: Cholesterol CHOD-PAP LS Mono 4x60ml+1x3ml mtd | F28: 1 | G28: kit | H28: 1531250 | I28: =SUM(F28*H28) -> 1531250 | J28: 0.25 | K28: =SUM(I28*J28) -> 382812.5 | L28: =SUM(I28-K28) -> 1148437.5 | Q28: PT BAVARIA | R28: 490000 | S28: =SUM(F28*R28) -> 490000 | T28: 0 | U28: =SUM(S28*T28) -> 0 | V28: =SUM(S28-U28) -> 490000 | W28: =SUM(V28) -> 490000 | X28: 0.11 | Y28: =SUM(W28+(W28*X28)) -> 543900
E29: Thermal Paper 4,9mm | F29: 10 | G29: roll | H29: 26000 | I29: =SUM(F29*H29) -> 260000 | J29: 0 | K29: =SUM(I29*J29) -> 0 | L29: =SUM(I29-K29) -> 260000 | Q29: PT SMS | R29: 14000 | S29: =SUM(F29*R29) -> 140000 | T29: 0 | U29: =SUM(S29*T29) -> 0 | V29: =SUM(S29-U29) -> 140000 | W29: =SUM(V29) -> 140000 | X29: 0.11 | Y29: =SUM(W29+(W29*X29)) -> 155400
A32: MARET 2025
A33: No. | B33: Faktur | D33: Nama Pelanggan | E33: Produk | F33: Quantity | H33: Harga Satuan | I33: Jumlah Harga | J33: Dics. | K33: Jumlah | L33: Jumlah | M33: Total | N33: PPN 11% | O33: PPH 1,5 % | P33: Total Tghan | Q33: DISTRIBUTOR | R33: Harga Pokok | S33: Harga Pokok | T33: DISCOUNT DISTRIBUTOR | U33: JUMLAH | V33: TOTAL | W33: TOTAL PMBELIAN | X33: PPN | Y33: TOTAL
B34: Tanggal | C34: No. Faktur | F34: jml | G34: Satuan | H34: ( Rp ) | I34: ( Rp ) | J34: ( % ) | K34: Discon ( Rp ) | L34: setelah Disc | M34: Tagihan | P34: stlh PPN | R34: beli (Satuan) | S34: beli (Total) | T34: % | U34: DISC | V34: STLH DISC | W34: SBLM PPN
A35: 14 | B35: 45368 | C35: 117870325 | D35: PT Maimun Tuah Medika | E35: Na/K/Cl 400ml Solution Pack Medica | F35: 1 | G35: pack | H35: 6164000 | I35: =SUM(F35*H35) -> 6164000 | J35: 0 | K35: =SUM(I35*J35) -> 0 | L35: =SUM(I35-K35) -> 6164000 | M35: =SUM(L35:L35) -> 6164000 | N35: =SUM(M35*11%) -> 678040 | P35: =SUM(M35+N35) -> 6842040 | Q35: PT PRIMACO | R35: 4650000 | S35: =SUM(F35*R35) -> 4650000 | T35: 0.1 | U35: =SUM(S35*T35) -> 465000 | V35: =SUM(S35-U35) -> 4185000 | W35: =SUM(V35) -> 4185000 | X35: 0.11 | Y35: =SUM(W35+(W35*X35)) -> 4645350

Sheet LAB BIOVITA
A1: BREAKDOWN PENJUALAN PT. MITRAJAYA SELARAS ABADI
A7: BREAKDOWN PENJUALAN PT. MITRAJAYA SELARAS ABADI 2025
A13: JANUARI 2025
A14: No. | B14: Faktur | D14: Sales | E14: Nama Pelanggan | F14: Kode | G14: Produk | H14: Quantity | J14: Harga Satuan | K14: Jumlah Harga | L14: Dics. | M14: Jumlah | N14: Jumlah | O14: Total | P14: PPN 11% | Q14: PPH 1,5 % | R14: Total Tghan | S14: DISTRIBUTOR | T14: Harga Pokok | U14: Harga Pokok | V14: DISCOUNT DISTRIBUTOR | W14: JUMLAH | X14: TOTAL | Y14: TOTAL PMBELIAN | Z14: PPN | AA14: TOTAL
B15: Tanggal | C15: No. Faktur | F15: Barang | H15: jml | I15: Satuan | J15: ( Rp ) | K15: ( Rp ) | L15: ( % ) | M15: Discon ( Rp ) | N15: setelah Disc | O15: Tagihan | R15: stlh PPN | T15: beli (Satuan) | U15: beli (Total) | V15: % | W15: DISC | X15: STLH DISC | Y15: SBLM PPN
A16: 1 | B16: 45670 | C16: 117220125 | E16: Lab Biovita | G16: Cup sample bertutup 1,5ml 500pcs/bag | H16: 1 | I16: bag | J16: 354839 | K16: =SUM(H16*J16) -> 354839 | L16: 0.2 | M16: =SUM(K16*L16) -> 70967.8 | N16: =SUM(K16-M16) -> 283871.2 | O16: =SUM(N16) -> 283871.2 | P16: =SUM(O16*11%) -> 31225.832 | R16: =SUM(O16+P16) -> 315097.03 | S16: PT GOLDEN PRATAMA | T16: 67500 | U16: =SUM(H16*T16) -> 67500 | V16: 0 | W16: =SUM(U16*V16) -> 0 | X16: =SUM(U16-W16) -> 67500 | Y16: =SUM(X16) -> 67500 | Z16: 0.11 | AA16: =SUM(Y16)+(Y16*Z16) -> 74925
A17: 2 | B17: 45674 | C17: 117260125 | E17: Lab Biovita | F17: PT | G17: Widal BAV | H17: 1 | I17: set | J17: 1000000 | K17: =SUM(H17*J17) -> 1000000 | L17: 0.2 | M17: =SUM(K17*L17) -> 200000 | N17: =SUM(K17-M17) -> 800000 | O17: =SUM(N17:N20) -> 9578632 | P17: =SUM(O17*11%) -> 1053649.5 | R17: =SUM(O17+P17) -> 10632282 | S17: PT BAVARIA | T17: 495495 | U17: =SUM(H17*T17) -> 495495 | V17: 0 | W17: =SUM(U17*V17) -> 0 | X17: =SUM(U17-W17) -> 495495 | Y17: =SUM(X17) -> 495495 | Z17: 0.11 | AA17: =SUM(Y17+(Y17*Z17)) -> 549999.45
G18: Blue tips | H18: 1 | I18: bag | J18: 161290 | K18: =SUM(H18*J18) -> 161290 | L18: 0.2 | M18: =SUM(K18*L18) -> 32258 | N18: =SUM(K18-M18) -> 129032 | S18: PT GOLDEN PRATAMA | T18: 40000 | U18: =SUM(H18*T18) -> 40000 | V18: 0 | W18: =SUM(U18*V18) -> 0 | X18: =SUM(U18-W18) -> 40000 | Y18: =SUM(X18) -> 40000 | Z18: 0.11 | AA18: =SUM(Y18)+(Y18*Z18) -> 44400
G19: HDL Direct 3x20ml + 1x20ml mtd | H19: 1 | I19: kit | J19: 10200000 | K19: =SUM(H19*J19) -> 10200000 | L19: 0.2 | M19: =SUM(K19*L19) -> 2040000 | N19: =SUM(K19-M19) -> 8160000 | S19: PT BAVARIA | T19: 1350000 | U19: =SUM(H19*T19) -> 1350000 | V19: 0 | W19: =SUM(V19) -> 0 | X19: =SUM(U19-W19) -> 1350000 | Y19: =SUM(X19) -> 1350000 | Z19: 0.11 | AA19: =SUM(Y19)+(Y19*Z19) -> 1498500
G20: ASO LATEX '50 Fortress | H20: 1 | I20: kit | J20: 612000 | K20: =SUM(H20*J20) -> 612000 | L20: 0.2 | M20: =SUM(K20*L20) -> 122400 | N20: =SUM(K20-M20) -> 489600 | S20: PT SETIA GUNA MEDIKA | T20: 394000 | U20: =SUM(H20*T20) -> 394000 | V20: 0.2 | W20: =SUM(U20*V20) -> 78800 | X20: =SUM(U20-W20) -> 315200 | Y20: =SUM(X20) -> 315200 | Z20: 0.11 | AA20: =SUM(Y20)+(Y20*Z20) -> 349872
A21: 3 | B21: 45674 | C21: 117270125 | E21: Lab Biovita | F21: PT | G21: Belt For Plate | H21: 1 | I21: unit | J21: 2667000 | K21: =SUM(H21*J21) -> 2667000 | L21: 0.1 | M21: =SUM(K21*L21) -> 266700 | N21: =SUM(K21-M21) -> 2400300 | O21: =SUM(N21:N22) -> 8100900 | P21: =SUM(O21*11%) -> 891099 | R21: =SUM(O21+P21) -> 8991999 | S21: PT BAVARIA | T21: 1600000 | U21: =SUM(H21*T21) -> 1600000 | V21: 0.4 | W21: =SUM(U21*V21) -> 640000 | X21: =SUM(U21-W21) -> 960000 | Y21: =SUM(X21) -> 960000 | Z21: 0.11 | AA21: =SUM(Y21+(Y21*Z21)) -> 1065600
G22: Sampling Probe Needle Only | H22: 1 | I22: unit | J22: 6334000 | K22: =SUM(H22*J22) -> 6334000 | L22: 0.1 | M22: =SUM(K22*L22) -> 633400 | N22: =SUM(K22-M22) -> 5700600 | S22: PT BAVARIA | T22: 3800000 | U22: =SUM(H22*T22) -> 3800000 | V22: 0.4 | W22: =SUM(U22*V22) -> 1520000 | X22: =SUM(U22-W22) -> 2280000 | Y22: =SUM(X22) -> 2280000 | Z22: 0.11 | AA22: =SUM(Y22)+(Y22*Z22) -> 2530800
A23: 4 | B23: 45688 | C23: 117350125 | E23: Lab Biovita | F23: PT | G23: HIV 1/2 Test Cassette '25 Test Orient Gene | H23: 1 | I23: box | J23: 781250 | K23: =SUM(H23*J23) -> 781250 | L23: 0.2 | M23: =SUM(K23*L23) -> 156250 | N23: =SUM(K23-M23) -> 625000 | O23: =SUM(N23:N25) -> 2884774.4 | P23: =SUM(O23*11%) -> 317325.18 | R23: =SUM(O23+P23) -> 3202099.6 | S23: PT LINTANG | T23: 450000 | U23: =SUM(H23*T23) -> 450000 | V23: 0.5 | W23: =SUM(U23*V23) -> 225000 | X23: =SUM(U23-W23) -> 225000 | Y23: =SUM(X23) -> 225000 | Z23: 0.11 | AA23: =SUM(Y23)+(Y23*Z23) -> 249750
G24: Dengue NS1 Test Cassette ‘25 Orientgene | H24: 1 | I24: box | J24: 2153750 | K24: =SUM(H24*J24) -> 2153750 | L24: 0.2 | M24: =SUM(K24*L24) -> 430750 | N24: =SUM(K24-M24) -> 1723000 | S24: PT LINTANG | T24: 1240000 | U24: =SUM(H24*T24) -> 1240000 | V24: 0.5 | W24: =SUM(U24*V24) -> 620000 | X24: =SUM(U24-W24) -> 620000 | Y24: =SUM(X24) -> 620000 | Z24: 0.11 | AA24: =SUM(Y24)+(Y24*Z24) -> 688200
G25: Syphillis strip '50 Orientgene | H25: 1 | I25: box | J25: 670968 | K25: =SUM(H25*J25) -> 670968 | L25: 0.2 | M25: =SUM(K25*L25) -> 134193.6 | N25: =SUM(K25-M25) -> 536774.4 | S25: PT LINTANG | T25: 380000 | U25: =SUM(H25*T25) -> 380000 | V25: 0.5 | W25: =SUM(U25*V25) -> 190000 | X25: =SUM(U25-W25) -> 190000 | Y25: =SUM(X25) -> 190000 | Z25: 0.11 | AA25: =SUM(Y25)+(Y25*Z25) -> 210900
A28: FEBRUARI 2025
A29: No. | B29: Faktur | D29: Sales | E29: Nama Pelanggan | F29: Kode | G29: Produk | H29: Quantity | J29: Harga Satuan | K29: Jumlah Harga | L29: Dics. | M29: Jumlah | N29: Jumlah | O29: Total | P29: PPN 11% | Q29: PPH 1,5 % | R29: Total Tghan | S29: DISTRIBUTOR | T29: Harga Pokok | U29: Harga Pokok | V29: DISCOUNT DISTRIBUTOR | W29: JUMLAH | X29: TOTAL | Y29: TOTAL PMBELIAN | Z29: PPN | AA29: TOTAL
B30: Tanggal | C30: No. Faktur | F30: Barang | H30: jml | I30: Satuan | J30: ( Rp ) | K30: ( Rp ) | L30: ( % ) | M30: Discon ( Rp ) | N30: setelah Disc | O30: Tagihan | R30: stlh PPN | T30: beli (Satuan) | U30: beli (Total) | V30: % | W30: DISC | X30: STLH DISC | Y30: SBLM PPN
A31: 1 | B31: 45702 | C31: 117470225 | E31: Lab Biovita | F31: PT | G31: M30 Diluent 20L Mindray | H31: 1 | I31: box | J31: 1686000 | K31: =SUM(H31*J31) -> 1686000 | L31: 0.2 | M31: =SUM(K31*L31) -> 337200 | N31: =SUM(K31-M31) -> 1348800 | O31: =SUM(N31:N33) -> 3282400 | P31: =SUM(O31*11%) -> 361064 | R31: =SUM(O31+P31) -> 3643464 | S31: PT TRIPATRIA ANDALAN MEDIKA | T31: 557000 | U31: =SUM(H31*T31) -> 557000 | V31: 0 | W31: =SUM(U31*V31) -> 0 | X31: =SUM(U31-W31) -> 557000 | Y31: =SUM(X31) -> 557000 | Z31: 0.11 | AA31: =SUM(Y31)+(Y31*Z31) -> 618270
G32: Probe Cleanser 50 ml Mindray | H32: 1 | I32: botol | J32: 376000 | K32: =SUM(H32*J32) -> 376000 | L32: 0.2 | M32: =SUM(K32*L32) -> 75200 | N32: =SUM(K32-M32) -> 300800 | S32: PT TRIPATRIA ANDALAN MEDIKA | T32: 150000 | U32: =SUM(H32*T32) -> 150000 | V32: 0 | W32: =SUM(U32*V32) -> 0 | X32: =SUM(U32-W32) -> 150000 | Y32: =SUM(X32) -> 150000 | Z32: 0.11 | AA32: =SUM(Y32)+(Y32*Z32) -> 166500
G33: M30 CFL Lyse 500 ml Mindray | H33: 1 | I33: botol | J33: 2041000 | K33: =SUM(H33*J33) -> 2041000 | L33: 0.2 | M33: =SUM(K33*L33) -> 408200 | N33: =SUM(K33-M33) -> 1632800 | S33: PT TRIPATRIA ANDALAN MEDIKA | T33: 607000 | U33: =SUM(H33*T33) -> 607000 | V33: 0 | W33: =SUM(U33*V33) -> 0 | X33: =SUM(U33-W33) -> 607000 | Y33: =SUM(X33) -> 607000 | Z33: 0.11 | AA33: =SUM(Y33)+(Y33*Z33) -> 673770
A34: 2 | B34: 45708 | C34: 117560225 | E34: Lab Biovita | F34: PT | G34: Gamma GT LS 4+1 3x40 ml+1x15 ml mtd | H34: 1 | I34: kit | J34: 3240000 | K34: =SUM(H34*J34) -> 3240000 | L34: 0.2 | M34: =SUM(K34*L34) -> 648000 | N34: =SUM(K34-M34) -> 2592000 | O34: =SUM(N34:N35) -> 3392000 | P34: =SUM(O34*11%) -> 373120 | R34: =SUM(O34+P34) -> 3765120 | S34: PT BAVARIA | T34: 530000 | U34: =SUM(H34*T34) -> 530000 | V34: 0 | W34: =SUM(V34) -> 0 | X34: =SUM(U34-W34) -> 530000 | Y34: =SUM(X34) -> 530000 | Z34: 0.11 | AA34: =SUM(Y34)+(Y34*Z34) -> 588300
G35: HBsAg Test Cassette '25 Device Orient Gene | H35: 2 | I35: box | J35: 500000 | K35: =SUM(H35*J35) -> 1000000 | L35: 0.2 | M35: =SUM(K35*L35) -> 200000 | N35: =SUM(K35-M35) -> 800000 | S35: PT LINTANG | T35: 260000 | U35: =SUM(H35*T35) -> 520000 | V35: 0.5 | W35: =SUM(U35*V35) -> 260000 | X35: =SUM(U35-W35) -> 260000 | Y35: =SUM(X35) -> 260000 | Z35: 0.11 | AA35: =SUM(Y35)+(Y35*Z35) -> 288600
A36: 3 | B36: 45716 | C36: 117690225 | E36: Lab Biovita | G36: Probe Cleanser 50 ml Mindray | H36: 1 | I36: botol | J36: 376000 | K36: =SUM(H36*J36) -> 376000 | L36: 0.2 | M36: =SUM(K36*L36) -> 75200 | N36: =SUM(K36-M36) -> 300800 | O36: =SUM(N36) -> 300800 | P36: =SUM(O36*11%) -> 33088 | R36: =SUM(O36+P36) -> 333888 | S36: PT TRIPATRIA ANDALAN MEDIKA | T36: 150000 | U36: =SUM(H36*T36) -> 150000 | V36: 0 | W36: =SUM(U36*V36) -> 0 | X36: =SUM(U36-W36) -> 150000 | Y36: =SUM(X36) -> 150000 | Z36: 0.11 | AA36: =SUM(Y36)+(Y36*Z36) -> 166500
A39: APRIL 2025
A40: No. | B40: Faktur | D40: Sales | E40: Nama Pelanggan | F40: Kode | G40: Produk | H40: Quantity | J40: Harga Satuan | K40: Jumlah Harga | L40: Dics. | M40: Jumlah | N40: Jumlah | O40: Total | P40: PPN 11% | Q40: PPH 1,5 % | R40: Total Tghan | S40: DISTRIBUTOR | T40: Harga Pokok | U40: Harga Pokok | V40: DISCOUNT DISTRIBUTOR | W40: JUMLAH | X40: TOTAL | Y40: TOTAL PMBELIAN | Z40: PPN | AA40: TOTAL
B41: Tanggal | C41: No. Faktur | F41: Barang | H41: jml | I41: Satuan | J41: ( Rp ) | K41: ( Rp ) | L41: ( % ) | M41: Discon ( Rp ) | N41: setelah Disc | O41: Tagihan | R41: stlh PPN | T41: beli (Satuan) | U41: beli (Total) | V41: % | W41: DISC | X41: STLH DISC | Y41: SBLM PPN
A42: 1 | B42: 45755 | C42: 118040425 | E42: Lab Biovita | F42: PT | G42: Needle Wing 23G BD | H42: 1 | I42: box | J42: 1230090 | K42: =SUM(H42*J42) -> 1230090 | L42: 0.2 | M42: =SUM(K42*L42) -> 246018 | N42: =SUM(K42-M42) -> 984072 | O42: =SUM(N42:N50) -> 24864944 | P42: =SUM(O42*11%) -> 2735143.8 | R42: =SUM(O42+P42) -> 27600088 | S42: PT AAM | T42: 649740 | U42: =SUM(H42*T42) -> 649740 | V42: 0.22 | W42: =SUM(U42*V42) -> 142942.8 | X42: =SUM(U42-W42) -> 506797.2 | Y42: =SUM(X42) -> 506797.2 | Z42: 0.11 | AA42: =SUM(Y42)+(Y42*Z42) -> 562544.89
G43: HDL Direct 3x20ml + 1x20ml mtd | H43: 1 | I43: kit | J43: 10200000 | K43: =SUM(H43*J43) -> 10200000 | L43: 0.2 | M43: =SUM(K43*L43) -> 2040000 | N43: =SUM(K43-M43) -> 8160000 | S43: PT BAVARIA | T43: 1350000 | U43: =SUM(H43*T43) -> 1350000 | V43: 0 | W43: =SUM(V43) -> 0 | X43: =SUM(U43-W43) -> 1350000 | Y43: =SUM(X43) -> 1350000 | Z43: 0.11 | AA43: =SUM(Y43)+(Y43*Z43) -> 1498500
G44: Cholesterol CHOD-PAP LS Mono 4x100ml mtd | H44: 1 | I44: kit | J44: 6000000 | K44: =SUM(H44*J44) -> 6000000 | L44: 0.2 | M44: =SUM(K44*L44) -> 1200000 | N44: =SUM(K44-M44) -> 4800000 | S44: PT BAVARIA | T44: 590000 | U44: =SUM(H44*T44) -> 590000 | V44: 0 | W44: =SUM(V44) -> 0 | X44: =SUM(U44-W44) -> 590000 | Y44: =SUM(X44) -> 590000 | Z44: 0.11 | AA44: =SUM(Y44)+(Y44*Z44) -> 654900
G45: Creatinine Kinetic LS 4+1 3x80 ml+1x60 ml mtd | H45: 1 | I45: pack | J45: 2025000 | K45: =SUM(H45*J45) -> 2025000 | L45: 0.2 | M45: =SUM(K45*L45) -> 405000 | N45: =SUM(K45-M45) -> 1620000 | S45: PT BAVARIA | T45: 490000 | U45: =SUM(H45*T45) -> 490000 | V45: 0 | W45: =SUM(U45*V45) -> 0 | X45: =SUM(U45-W45) -> 490000 | Y45: =SUM(X45) -> 490000 | Z45: 0.11 | AA45: =SUM(Y45)+(Y45*Z45) -> 543900
G46: Triglycerides GPO-PAP LS mono 4x100 ml mtd | H46: 1 | I46: kit | J46: 4431305 | K46: =SUM(H46*J46) -> 4431305 | L46: 0.2 | M46: =SUM(K46*L46) -> 886261 | N46: =SUM(K46-M46) -> 3545044 | S46: PT BAVARIA | T46: 1020000 | U46: =SUM(H46*T46) -> 1020000 | V46: 0 | W46: =SUM(U46*V46) -> 0 | X46: =SUM(U46-W46) -> 1020000 | Y46: =SUM(X46) -> 1020000 | Z46: 0.11 | AA46: =SUM(Y46)+(Y46*Z46) -> 1132200
G47: Pot Urine 50 cc tutup putih isi 100 pcs/pack | H47: 1 | I47: pack | J47: 258100 | K47: =SUM(H47*J47) -> 258100 | L47: 0.2 | M47: =SUM(K47*L47) -> 51620 | N47: =SUM(K47-M47) -> 206480 | S47: TOKO PLASTIK RAKYAT | T47: 60000 | U47: =SUM(H47*T47) -> 60000 | V47: 0 | W47: =SUM(U47*V47) -> 0 | X47: =SUM(U47-W47) -> 60000 | Y47: =SUM(X47) -> 60000 | Z47: 0 | AA47: =SUM(Y47)+(Y47*Z47) -> 60000
G48: HIV 1/2 Test Cassette '25 Test Orient Gene | H48: 2 | I48: box | J48: 781250 | K48: =SUM(H48*J48) -> 1562500 | L48: 0.2 | M48: =SUM(K48*L48) -> 312500 | N48: =SUM(K48-M48) -> 1250000 | S48: PT LINTANG | T48: 450000 | U48: =SUM(H48*T48) -> 900000 | V48: 0.5 | W48: =SUM(U48*V48) -> 450000 | X48: =SUM(U48-W48) -> 450000 | Y48: =SUM(X48) -> 450000 | Z48: 0.11 | AA48: =SUM(Y48)+(Y48*Z48) -> 499500
G49: Chemistry Control N 10x5 ml mtd | H49: 1 | I49: kit | J49: 5070435 | K49: =SUM(H49*J49) -> 5070435 | L49: 0.2 | M49: =SUM(K49*L49) -> 1014087 | N49: =SUM(K49-M49) -> 4056348 | S49: PT BAVARIA | T49: 1170000 | U49: =SUM(H49*T49) -> 1170000 | V49: 0 | W49: =SUM(U49*V49) -> 0 | X49: =SUM(U49-W49) -> 1170000 | Y49: =SUM(X49) -> 1170000 | Z49: 0.11 | AA49: =SUM(Y49)+(Y49*Z49) -> 1298700
G50: Micropore Plester 1 Inch (1 box isi 12 Roll) Winner | H50: 1 | I50: kit | J50: 303750 | K50: =SUM(H50*J50) -> 303750 | L50: 0.2 | M50: =SUM(K50*L50) -> 60750 | N50: =SUM(K50-M50) -> 243000 | S50: PASAR PRAMUKA | T50: 170000 | U50: =SUM(H50*T50) -> 170000 | V50: 0 | W50: =SUM(V50) -> 0 | X50: =SUM(U50-W50) -> 170000 | Y50: =SUM(X50) -> 170000 | Z50: 0.11 | AA50: =SUM(Y50)+(Y50*Z50) -> 188700
A51: 2 | B51: 45411 | C51: 118130425 | E51: Lab Biovita | F51: PT | G51: Reaction Cuvettes 6 Sector (120 cuv) | H51: 1 | I51: unit | J51: 18750000 | K51: =SUM(H51*J51) -> 18750000 | L51: 0.2 | M51: =SUM(K51*L51) -> 3750000 | N51: =SUM(K51-M51) -> 15000000 | O51: =SUM(N51:N52) -> 22600000 | P51: =SUM(O51*11%) -> 2486000 | R51: =SUM(O51+P51) -> 25086000 | S51: PT BAVARIA | T51: 15000000 | U51: =SUM(H51*T51) -> 15000000 | V51: 0.4 | W51: =SUM(U51*V51) -> 6000000 | X51: =SUM(U51-W51) -> 9000000 | Y51: =SUM(X51) -> 9000000 | Z51: 0.11 | AA51: =SUM(Y51)+(Y51*Z51) -> 9990000
G52: Halogen Lamp Assy (6V-10W) | H52: 1 | I52: unit | J52: 9500000 | K52: =SUM(H52*J52) -> 9500000 | L52: 0.2 | M52: =SUM(K52*L52) -> 1900000 | N52: =SUM(K52-M52) -> 7600000 | S52: PT BAVARIA | T52: 1600000 | U52: =SUM(H52*T52) -> 1600000 | V52: 0.4 | W52: =SUM(U52*V52) -> 640000 | X52: =SUM(U52-W52) -> 960000 | Y52: =SUM(X52) -> 960000 | Z52: 0.11 | AA52: =SUM(Y52)+(Y52*Z52) -> 1065600
A55: MEI 2025
A56: No. | B56: Faktur | D56: Sales | E56: Nama Pelanggan | F56: Kode | G56: Produk | H56: Quantity | J56: Harga Satuan | K56: Jumlah Harga | L56: Dics. | M56: Jumlah | N56: Jumlah | O56: Total | P56: PPN 11% | Q56: PPH 1,5 % | R56: Total Tghan | S56: DISTRIBUTOR | T56: Harga Pokok | U56: Harga Pokok | V56: DISCOUNT DISTRIBUTOR | W56: JUMLAH | X56: TOTAL | Y56: TOTAL PMBELIAN | Z56: PPN | AA56: TOTAL
B57: Tanggal | C57: No. Faktur | F57: Barang | H57: jml | I57: Satuan | J57: ( Rp ) | K57: ( Rp ) | L57: ( % ) | M57: Discon ( Rp ) | N57: setelah Disc | O57: Tagihan | R57: stlh PPN | T57: beli (Satuan) | U57: beli (Total) | V57: % | W57: DISC | X57: STLH DISC | Y57: SBLM PPN
A58: 1 | B58: 45412 | C58: 118170525 | E58: Lab Biovita | F58: PT | G58: Uric Acid Uricase PAP LS Mono 4x60ml 1x3ml mtd | H58: 1 | I58: kit | J58: 4320000 | K58: =SUM(H58*J58) -> 4320000 | L58: 0.2 | M58: =SUM(K58*L58) -> 864000 | N58: =SUM(K58-M58) -> 3456000 | O58: =SUM(N58:N59) -> 4356250.4 | P58: =SUM(O58*11%) -> 479187.54 | R58: =SUM(O58+P58) -> 4835437.9 | S58: PT BAVARIA | T58: 510000 | U58: =SUM(H58*T58) -> 510000 | V58: 0 | W58: =SUM(U58*V58) -> 0 | X58: =SUM(U58-W58) -> 510000 | Y58: =SUM(X58) -> 510000 | Z58: 0.11 | AA58: =SUM(Y58)+(Y58*Z58) -> 566100
G59: Cup sample Control kimia isi 250 pcs/bag | H59: 1 | I59: bag | J59: 1125313 | K59: =SUM(H59*J59) -> 1125313 | L59: 0.2 | M59: =SUM(K59*L59) -> 225062.6 | N59: =SUM(K59-M59) -> 900250.4 | S59: PT BAVARIA | T59: 1050000 | U59: =SUM(H59*T59) -> 1050000 | V59: 0.4 | W59: =SUM(U59*V59) -> 420000 | X59: =SUM(U59-W59) -> 630000 | Y59: =SUM(X59) -> 630000 | Z59: 0.11 | AA59: =SUM(Y59)+(Y59*Z59) -> 699300
A60: 2 | B60: 45418 | C60: 118180525 | E60: Lab Biovita | F60: PT | G60: Dengue IgG IgM Tri-Line Cassette '25T Orient Gene | H60: 1 | I60: box | J60: 2399258 | K60: =SUM(H60*J60) -> 2399258 | L60: 0.2 | M60: =SUM(K60*L60) -> 479851.6 | N60: =SUM(K60-M60) -> 1919406.4 | O60: =SUM(N60:N62) -> 3491253.6 | P60: =SUM(O60*11%) -> 384037.9 | R60: =SUM(O60+P60) -> 3875291.5 | S60: PT LINTANG | T60: 1300000 | U60: =SUM(H60*T60) -> 1300000 | V60: 0.5 | W60: =SUM(U60*V60) -> 650000 | X60: =SUM(U60-W60) -> 650000 | Y60: =SUM(X60) -> 650000 | Z60: 0.11 | AA60: =SUM(Y60)+(Y60*Z60) -> 721500
G61: Cup sample kimia isi 400 pcs/bag | H61: 1 | I61: bag | J61: 1609970 | K61: =SUM(H61*J61) -> 1609970 | L61: 0.2 | M61: =SUM(K61*L61) -> 321994 | N61: =SUM(K61-M61) -> 1287976 | S61: PT GOLDEN PRATAMA | T61: 67500 | U61: =SUM(H61*T61) -> 67500 | V61: 0 | W61: =SUM(U61*V61) -> 0 | X61: =SUM(U61-W61) -> 67500 | Y61: =SUM(X61) -> 67500 | Z61: 0.11 | AA61: =SUM(Y61)+(Y61*Z61) -> 74925
G62: Cup sample bertutup 1,5ml 500pcs/bag | H62: 1 | I62: bag | J62: 354839 | K62: =SUM(H62*J62) -> 354839 | L62: 0.2 | M62: =SUM(K62*L62) -> 70967.8 | N62: =SUM(K62-M62) -> 283871.2 | S62: PT GOLDEN PRATAMA | T62: 67500 | U62: =SUM(H62*T62) -> 67500 | V62: 0 | W62: =SUM(U62*V62) -> 0 | X62: =SUM(U62-W62) -> 67500 | Y62: =SUM(X62) -> 67500 | Z62: 0.11 | AA62: =SUM(Y62)+(Y62*Z62) -> 74925
A63: 3 | B63: 45418 | C63: 118190525 | E63: Lab Biovita | F63: PT | G63: Needle Vacutainer 22G BD | H63: 5 | I63: box | J63: 354600 | K63: =SUM(H63*J63) -> 1773000 | L63: 0.2 | M63: =SUM(K63*L63) -> 354600 | N63: =SUM(K63-M63) -> 1418400 | O63: =SUM(N63:N65) -> 4042916 | P63: =SUM(O63*11%) -> 444720.76 | R63: =SUM(O63+P63) -> 4487636.8 | S63: PT AAM | T63: 159100 | U63: =SUM(H63*T63) -> 795500 | V63: 0.22 | W63: =SUM(U63*V63) -> 175010 | X63: =SUM(U63-W63) -> 620490 | Y63: =SUM(X63) -> 620490 | Z63: 0.11 | AA63: =SUM(Y63)+(Y63*Z63) -> 688743.9
G64: Tube plain 10 ml Glass isi 100 pcs/pack GP | H64: 5 | I64: pack | J64: 475484 | K64: =SUM(H64*J64) -> 2377420 | L64: 0.2 | M64: =SUM(K64*L64) -> 475484 | N64: =SUM(K64-M64) -> 1901936 | S64: PT GOLDEN PRATAMA | T64: 133756 | U64: =SUM(H64*T64) -> 668780 | V64: 0 | X64: =SUM(U64-W64) -> 668780 | Y64: =SUM(X64) -> 668780 | Z64: 0.11 | AA64: =SUM(Y64)+(Y64*Z64) -> 742345.8
G65: Tube plain 5 ml glass GP | H65: 5 | I65: pack | J65: 180645 | K65: =SUM(H65*J65) -> 903225 | L65: 0.2 | M65: =SUM(K65*L65) -> 180645 | N65: =SUM(K65-M65) -> 722580 | S65: PT GOLDEN PRATAMA | T65: 90800 | U65: =SUM(H65*T65) -> 454000 | V65: 0 | W65: =SUM(U65*V65) -> 0 | X65: =SUM(U65-W65) -> 454000 | Y65: =SUM(X65) -> 454000 | Z65: 0.11 | AA65: =SUM(Y65)+(Y65*Z65) -> 503940
A66: 4 | B66: 45427 | C66: 118350525 | E66: Lab Biovita | F66: PT | G66: Pot Urine tutup kuning sterile isi 100pcs | H66: 2 | I66: pack | J66: 451600 | K66: =SUM(H66*J66) -> 903200 | L66: 0.2 | M66: =SUM(K66*L66) -> 180640 | N66: =SUM(K66-M66) -> 722560 | O66: =SUM(N66:N68) -> 1380624 | P66: =SUM(O66*11%) -> 151868.64 | R66: =SUM(O66+P66) -> 1532492.6 | S66: PT GOLDEN PRATAMA | T66: 150000 | U66: =SUM(H66*T66) -> 300000 | V66: 0 | W66: =SUM(U66*V66) -> 0 | X66: =SUM(U66-W66) -> 300000 | Y66: =SUM(X66) -> 300000 | Z66: 0.11 | AA66: =SUM(Y66)+(Y66*Z66) -> 333000
G67: HBsAg Test Cassette '25 Device Orient Gene | H67: 1 | I67: box | J67: 500000 | K67: =SUM(H67*J67) -> 500000 | L67: 0.2 | M67: =SUM(K67*L67) -> 100000 | N67: =SUM(K67-M67) -> 400000 | S67: PT LINTANG | T67: 260000 | U67: =SUM(H67*T67) -> 260000 | V67: 0.5 | W67: =SUM(U67*V67) -> 130000 | X67: =SUM(U67-W67) -> 130000 | Y67: =SUM(X67) -> 130000 | Z67: 0.11 | AA67: =SUM(Y67)+(Y67*Z67) -> 144300
G68: Blue tips | H68: 2 | I68: bag | J68: 161290 | K68: =SUM(H68*J68) -> 322580 | L68: 0.2 | M68: =SUM(K68*L68) -> 64516 | N68: =SUM(K68-M68) -> 258064 | S68: PT GOLDEN PRATAMA | T68: 40000 | U68: =SUM(H68*T68) -> 80000 | V68: 0 | W68: =SUM(U68*V68) -> 0 | X68: =SUM(U68-W68) -> 80000 | Y68: =SUM(X68) -> 80000 | Z68: 0.11 | AA68: =SUM(Y68)+(Y68*Z68) -> 88800
A70: MEI 2025
A71: No. | B71: Faktur | D71: Sales | E71: Nama Pelanggan | F71: Kode | G71: Produk | H71: Quantity | J71: Harga Satuan | K71: Jumlah Harga | L71: Dics. | M71: Jumlah | N71: Jumlah | O71: Total | P71: PPN 11% | Q71: PPH 1,5 % | R71: Total Tghan | S71: DISTRIBUTOR | T71: Harga Pokok | U71: Harga Pokok | V71: DISCOUNT DISTRIBUTOR | W71: JUMLAH | X71: TOTAL | Y71: TOTAL PMBELIAN | Z71: PPN | AA71: TOTAL
B72: Tanggal | C72: No. Faktur | F72: Barang | H72: jml | I72: Satuan | J72: ( Rp ) | K72: ( Rp ) | L72: ( % ) | M72: Discon ( Rp ) | N72: setelah Disc | O72: Tagihan | R72: stlh PPN | T72: beli (Satuan) | U72: beli (Total) | V72: % | W72: DISC | X72: STLH DISC | Y72: SBLM PPN
A73: 1 | B73: 45824 | C73: 118540625 | E73: Lab Biovita | F73: PT | G73: B30 Control hematology 3ml Mindray | H73: 1 | I73: vial | J73: 617000 | K73: =SUM(H73*J73) -> 617000 | L73: 0.2 | M73: =SUM(K73*L73) -> 123400 | N73: =SUM(K73-M73) -> 493600 | O73: =SUM(N73:N74) -> 794400 | P73: =SUM(O73*11%) -> 87384 | R73: =SUM(O73+P73) -> 881784 | S73: PT SMS | T73: 334000 | U73: =SUM(H73*T73) -> 334000 | V73: 0 | W73: =SUM(U73*V73) -> 0 | X73: =SUM(U73-W73) -> 334000 | Y73: =SUM(X73) -> 334000 | Z73: 0.11 | AA73: =SUM(Y73)+(Y73*Z73) -> 370740
G74: Probe Cleanser 50 ml Mindray | H74: 1 | I74: botol | J74: 376000 | K74: =SUM(H74*J74) -> 376000 | L74: 0.2 | M74: =SUM(K74*L74) -> 75200 | N74: =SUM(K74-M74) -> 300800 | S74: PT SMS | T74: 165000 | U74: =SUM(H74*T74) -> 165000 | V74: 0 | W74: =SUM(U74*V74) -> 0 | X74: =SUM(U74-W74) -> 165000 | Y74: =SUM(X74) -> 165000 | Z74: 0.11 | AA74: =SUM(Y74)+(Y74*Z74) -> 183150
A76: JUNI 2025
A77: No. | B77: Faktur | D77: Sales | E77: Nama Pelanggan | F77: Kode | G77: Produk | H77: Quantity | J77: Harga Satuan | K77: Jumlah Harga | L77: Dics. | M77: Jumlah | N77: Jumlah | O77: Total | P77: PPN 11% | Q77: PPH 1,5 % | R77: Total Tghan | S77: DISTRIBUTOR | T77: Harga Pokok | U77: Harga Pokok | V77: DISCOUNT DISTRIBUTOR | W77: JUMLAH | X77: TOTAL | Y77: TOTAL PMBELIAN | Z77: PPN | AA77: TOTAL
B78: Tanggal | C78: No. Faktur | F78: Barang | H78: jml | I78: Satuan | J78: ( Rp ) | K78: ( Rp ) | L78: ( % ) | M78: Discon ( Rp ) | N78: setelah Disc | O78: Tagihan | R78: stlh PPN | T78: beli (Satuan) | U78: beli (Total) | V78: % | W78: DISC | X78: STLH DISC | Y78: SBLM PPN
A79: 1 | B79: 45824 | C79: 118560625 | E79: Lab Biovita | F79: PT | G79: Kalibrasi Kimia Analyzer | H79: 1 | I79: unit | J79: 2244000 | K79: =SUM(H79*J79) -> 2244000 | L79: 0 | M79: =SUM(K79*L79) -> 0 | N79: =SUM(K79-M79) -> 2244000 | O79: =SUM(N79:N81) -> 4642000 | P79: =SUM(O79*11%) -> 510620 | R79: =SUM(O79+P79) -> 5152620 | S79: PT TERA EMCAL SOLUSINDO | T79: 2021622 | U79: =SUM(H79*T79) -> 2021622 | V79: 0.3 | W79: =SUM(U79*V79) -> 606486.6 | X79: =SUM(U79-W79) -> 1415135.4 | Y79: =SUM(X79) -> 1415135.4 | Z79: 0.11 | AA79: =SUM(Y79)+(Y79*Z79) -> 1570800.3
G80: Kalibrasi Hematology Analyzer | H80: 1 | I80: unit | J80: 2048000 | K80: =SUM(H80*J80) -> 2048000 | L80: 0 | M80: =SUM(K80*L80) -> 0 | N80: =SUM(K80-M80) -> 2048000 | S80: PT TERA EMCAL SOLUSINDO | T80: 1845045 | U80: =SUM(H80*T80) -> 1845045 | V80: 0.3 | W80: =SUM(U80*V80) -> 553513.5 | X80: =SUM(U80-W80) -> 1291531.5 | Y80: =SUM(X80) -> 1291531.5 | Z80: 0.11 | AA80: =SUM(Y80)+(Y80*Z80) -> 1433600
G81: Kalibrasi Centrifuge | H81: 1 | I81: unit | J81: 350000 | K81: =SUM(H81*J81) -> 350000 | L81: 0 | M81: =SUM(K81*L81) -> 0 | N81: =SUM(K81-M81) -> 350000 | S81: PT TERA EMCAL SOLUSINDO | T81: 315315 | U81: =SUM(H81*T81) -> 315315 | V81: 0.3 | W81: =SUM(U81*V81) -> 94594.5 | X81: =SUM(U81-W81) -> 220720.5 | Y81: =SUM(X81) -> 220720.5 | Z81: 0.11 | AA81: =SUM(Y81)+(Y81*Z81) -> 244999.76
A83: JULI 2025
A84: No. | B84: Faktur | D84: Sales | E84: Nama Pelanggan | F84: Kode | G84: Produk | H84: Quantity | J84: Harga Satuan | K84: Jumlah Harga | L84: Dics. | M84: Jumlah | N84: Jumlah | O84: Total | P84: PPN 11% | Q84: PPH 1,5 % | R84: Total Tghan | S84: DISTRIBUTOR | T84: Harga Pokok | U84: Harga Pokok | V84: DISCOUNT DISTRIBUTOR | W84: JUMLAH | X84: TOTAL | Y84: TOTAL PMBELIAN | Z84: PPN | AA84: TOTAL
B85: Tanggal | C85: No. Faktur | F85: Barang | H85: jml | I85: Satuan | J85: ( Rp ) | K85: ( Rp ) | L85: ( % ) | M85: Discon ( Rp ) | N85: setelah Disc | O85: Tagihan | R85: stlh PPN | T85: beli (Satuan) | U85: beli (Total) | V85: % | W85: DISC | X85: STLH DISC | Y85: SBLM PPN
A86: 1 | B86: 45855 | C86: 118750725 | E86: Lab Biovita | F86: PT | G86: M30 Diluent 20L Mindray | H86: 1 | I86: box | J86: 1686000 | K86: =SUM(H86*J86) -> 1686000 | L86: 0.2 | M86: =SUM(K86*L86) -> 337200 | N86: =SUM(K86-M86) -> 1348800 | O86: =SUM(N86:N91) -> 7324872 | P86: =SUM(O86*11%) -> 805735.92 | R86: =SUM(O86+P86) -> 8130607.9 | S86: PT SMS | T86: 613000 | U86: =SUM(H86*T86) -> 613000 | V86: 0 | W86: =SUM(U86*V86) -> 0 | X86: =SUM(U86-W86) -> 613000 | Y86: =SUM(X86) -> 613000 | Z86: 0.11 | AA86: =SUM(Y86)+(Y86*Z86) -> 680430
G87: Glucose GOD-PAP LS Mono 4x100 mtd | H87: 1 | I87: kit | J87: 1230090 | K87: =SUM(H87*J87) -> 1230090 | L87: 0.2 | M87: =SUM(K87*L87) -> 246018 | N87: =SUM(K87-M87) -> 984072 | S87: PT BAVARIA | T87: 420000 | U87: =SUM(H87*T87) -> 420000 | V87: 0 | W87: =SUM(U87*V87) -> 0 | X87: =SUM(U87-W87) -> 420000 | Y87: =SUM(X87) -> 420000 | Z87: 0.11 | AA87: =SUM(Y87)+(Y87*Z87) -> 466200
G88: GOT ASAT (SGOT) LS IFCC 4+1 3x20 ml+1x15 ml mtd | H88: 1 | I88: kit | J88: 990000 | K88: =SUM(H88*J88) -> 990000 | L88: 0.2 | M88: =SUM(K88*L88) -> 198000 | N88: =SUM(K88-M88) -> 792000 | S88: PT BAVARIA | T88: 300000 | U88: =SUM(H88*T88) -> 300000 | V88: 0 | W88: =SUM(U88*V88) -> 0 | X88: =SUM(U88-W88) -> 300000 | Y88: =SUM(X88) -> 300000 | Z88: 0.11 | AA88: =SUM(Y88)+(Y88*Z88) -> 333000
G89: GPT ALAT (SGPT) LS IFCC 4+1 3x20 ml+1x15 ml mtd | H89: 1 | I89: kit | J89: 990000 | K89: =SUM(H89*J89) -> 990000 | L89: 0.2 | M89: =SUM(K89*L89) -> 198000 | N89: =SUM(K89-M89) -> 792000 | S89: PT BAVARIA | T89: 300000 | U89: =SUM(H89*T89) -> 300000 | V89: 0 | W89: =SUM(U89*V89) -> 0 | X89: =SUM(U89-W89) -> 300000 | Y89: =SUM(X89) -> 300000 | Z89: 0.11 | AA89: =SUM(Y89)+(Y89*Z89) -> 333000
G90: Gamma GT LS 4+1 3x40 ml+1x30 ml mtd | H90: 1 | I90: kit | J90: 3240000 | K90: =SUM(H90*J90) -> 3240000 | L90: 0.2 | M90: =SUM(K90*L90) -> 648000 | N90: =SUM(K90-M90) -> 2592000 | S90: PT BAVARIA | T90: 530000 | U90: =SUM(H90*T90) -> 530000 | V90: 0 | W90: =SUM(U90*V90) -> 0 | X90: =SUM(U90-W90) -> 530000 | Y90: =SUM(X90) -> 530000 | Z90: 0.11 | AA90: =SUM(Y90)+(Y90*Z90) -> 588300
G91: Urea Urease GDLH UV LS 4+1 3x20 ml mtd | H91: 1 | I91: kit | J91: 1020000 | K91: =SUM(H91*J91) -> 1020000 | L91: 0.2 | M91: =SUM(K91*L91) -> 204000 | N91: =SUM(K91-M91) -> 816000 | S91: PT BAVARIA | T91: 270000 | U91: =SUM(H91*T91) -> 270000 | V91: 0 | W91: =SUM(U91*V91) -> 0 | X91: =SUM(U91-W91) -> 270000 | Y91: =SUM(X91) -> 270000 | Z91: 0.11 | AA91: =SUM(Y91)+(Y91*Z91) -> 299700
A93: AGUSTUS 2025
A94: No. | B94: Faktur | D94: Sales | E94: Nama Pelanggan | F94: Kode | G94: Produk | H94: Quantity | J94: Harga Satuan | K94: Jumlah Harga | L94: Dics. | M94: Jumlah | N94: Jumlah | O94: Total | P94: PPN 11% | Q94: PPH 1,5 % | R94: Total Tghan | S94: DISTRIBUTOR | T94: Harga Pokok | U94: Harga Pokok | V94: DISCOUNT DISTRIBUTOR | W94: JUMLAH | X94: TOTAL | Y94: TOTAL PMBELIAN | Z94: PPN | AA94: TOTAL
B95: Tanggal | C95: No. Faktur | F95: Barang | H95: jml | I95: Satuan | J95: ( Rp ) | K95: ( Rp ) | L95: ( % ) | M95: Discon ( Rp ) | N95: setelah Disc | O95: Tagihan | R95: stlh PPN | T95: beli (Satuan) | U95: beli (Total) | V95: % | W95: DISC | X95: STLH DISC | Y95: SBLM PPN
A96: 1 | B96: 45880 | C96: 118910825 | E96: Lab Biovita | F96: PT | G96: K3EDTA PET 3ml isi 100pcs/pack BD | H96: 3 | I96: pack | J96: 358000 | K96: =SUM(H96*J96) -> 1074000 | L96: 0.2 | M96: =SUM(K96*L96) -> 214800 | N96: =SUM(K96-M96) -> 859200 | O96: =SUM(N96:N101) -> 3705846.4 | P96: =SUM(O96*11%) -> 407643.1 | R96: =SUM(O96+P96) -> 4113489.5 | S96: PT AAM | T96: 268400 | U96: =SUM(H96*T96) -> 805200 | V96: 0.22 | W96: =SUM(U96*V96) -> 177144 | X96: =SUM(U96-W96) -> 628056 | Y96: =SUM(X96) -> 628056 | Z96: 0.11 | AA96: =SUM(Y96)+(Y96*Z96) -> 697142.16
G97: Needle Wing 23G BD | H97: 1 | I97: box | J97: 1230090 | K97: =SUM(H97*J97) -> 1230090 | L97: 0.2 | M97: =SUM(K97*L97) -> 246018 | N97: =SUM(K97-M97) -> 984072 | S97: PT AAM | T97: 649740 | U97: =SUM(H97*T97) -> 649740 | V97: 0.22 | W97: =SUM(U97*V97) -> 142942.8 | X97: =SUM(U97-W97) -> 506797.2 | Y97: =SUM(X97) -> 506797.2 | Z97: 0.11 | AA97: =SUM(Y97)+(Y97*Z97) -> 562544.89
G98: HBsAg Test Cassette '25 Device Orient Gene | H98: 1 | I98: box | J98: 500000 | K98: =SUM(H98*J98) -> 500000 | L98: 0.2 | M98: =SUM(K98*L98) -> 100000 | N98: =SUM(K98-M98) -> 400000 | S98: PT LINTANG | T98: 260000 | U98: =SUM(H98*T98) -> 260000 | V98: 0.5 | W98: =SUM(U98*V98) -> 130000 | X98: =SUM(U98-W98) -> 130000 | Y98: =SUM(X98) -> 130000 | Z98: 0.11 | AA98: =SUM(Y98)+(Y98*Z98) -> 144300
G99: HIV 1/2 Test Cassette '25 Test Orient Gene | H99: 1 | I99: box | J99: 781250 | K99: =SUM(H99*J99) -> 781250 | L99: 0.2 | M99: =SUM(K99*L99) -> 156250 | N99: =SUM(K99-M99) -> 625000 | S99: PT LINTANG | T99: 450000 | U99: =SUM(H99*T99) -> 450000 | V99: 0.5 | W99: =SUM(U99*V99) -> 225000 | X99: =SUM(U99-W99) -> 225000 | Y99: =SUM(X99) -> 225000 | Z99: 0.11 | AA99: =SUM(Y99)+(Y99*Z99) -> 249750
G100: Syphillis strip '50 Orientgene | H100: 1 | I100: box | J100: 670968 | K100: =SUM(H100*J100) -> 670968 | L100: 0.2 | M100: =SUM(K100*L100) -> 134193.6 | N100: =SUM(K100-M100) -> 536774.4 | S100: PT LINTANG | T100: 380000 | U100: =SUM(H100*T100) -> 380000 | V100: 0.5 | W100: =SUM(U100*V100) -> 190000 | X100: =SUM(U100-W100) -> 190000 | Y100: =SUM(X100) -> 190000 | Z100: 0.11 | AA100: =SUM(Y100)+(Y100*Z100) -> 210900
G101: Probe Cleanser 50 ml Mindray | H101: 1 | I101: botol | J101: 376000 | K101: =SUM(H101*J101) -> 376000 | L101: 0.2 | M101: =SUM(K101*L101) -> 75200 | N101: =SUM(K101-M101) -> 300800 | S101: PT SMS | T101: 165000 | U101: =SUM(H101*T101) -> 165000 | V101: 0 | W101: =SUM(U101*V101) -> 0 | X101: =SUM(U101-W101) -> 165000 | Y101: =SUM(X101) -> 165000 | Z101: 0.11 | AA101: =SUM(Y101)+(Y101*Z101) -> 183150
A102: 2 | B102: 45883 | C102: 118920825 | E102: Lab Biovita | F102: PT | G102: Pot Urine tutup kuning sterile isi 100pcs | H102: 1 | I102: pack | J102: 451600 | K102: =SUM(H102*J102) -> 451600 | L102: 0.2 | M102: =SUM(K102*L102) -> 90320 | N102: =SUM(K102-M102) -> 361280 | O102: =SUM(N102:N105) -> 934080 | P102: =SUM(O102*11%) -> 102748.8 | R102: =SUM(O102+P102) -> 1036828.8 | S102: PT GOLDEN PRATAMA | T102: 150000 | U102: =SUM(H102*T102) -> 150000 | V102: 0 | W102: =SUM(U102*V102) -> 0 | X102: =SUM(U102-W102) -> 150000 | Y102: =SUM(X102) -> 150000 | Z102: 0.11 | AA102: =SUM(Y102)+(Y102*Z102) -> 166500
A103: 2 | B103: 45896 | C103: 119000825 | E103: Lab Biovita | F103: PT | G103: K3EDTA PET 3ml isi 100pcs/pack BD | H103: 2 | I103: pack | J103: 358000 | K103: =SUM(H103*J103) -> 716000 | L103: 0.2 | M103: =SUM(K103*L103) -> 143200 | N103: =SUM(K103-M103) -> 572800 | O103: =SUM(N103:N129) -> 35362240 | P103: =SUM(O103*11%) -> 3889846.4 | R103: =SUM(O103+P103) -> 39252086 | S103: PT AAM | T103: 268400 | U103: =SUM(H103*T103) -> 536800 | V103: 0.22 | W103: =SUM(U103*V103) -> 118096 | X103: =SUM(U103-W103) -> 418704 | Y103: =SUM(X103) -> 418704 | Z103: 0.11 | AA103: =SUM(Y103)+(Y103*Z103) -> 464761.44
A106: OKTOBER 2025
A107: No. | B107: Faktur | D107: Sales | E107: Nama Pelanggan | F107: Kode | G107: Produk | H107: Quantity | J107: Harga Satuan | K107: Jumlah Harga | L107: Dics. | M107: Jumlah | N107: Jumlah | O107: Total | P107: PPN 11% | Q107: PPH 1,5 % | R107: Total Tghan | S107: DISTRIBUTOR | T107: Harga Pokok | U107: Harga Pokok | V107: DISCOUNT DISTRIBUTOR | W107: JUMLAH | X107: TOTAL | Y107: TOTAL PMBELIAN | Z107: PPN | AA107: TOTAL
B108: Tanggal | C108: No. Faktur | F108: Barang | H108: jml | I108: Satuan | J108: ( Rp ) | K108: ( Rp ) | L108: ( % ) | M108: Discon ( Rp ) | N108: setelah Disc | O108: Tagihan | R108: stlh PPN | T108: beli (Satuan) | U108: beli (Total) | V108: % | W108: DISC | X108: STLH DISC | Y108: SBLM PPN
A109: 1 | B109: 45918 | C109: 119271025 | E109: Lab Biovita | F109: PT | G109: Urea Urease GDLH UV LS 4+1 3x20 ml mtd | H109: 1 | I109: kit | J109: 1020000 | K109: =SUM(H109*J109) -> 1020000 | L109: 0.2 | M109: =SUM(K109*L109) -> 204000 | N109: =SUM(K109-M109) -> 816000 | O109: =SUM(N109:N118) -> 23106456 | P109: =SUM(O109*11%) -> 2541710.2 | R109: =SUM(O109+P109) -> 25648166 | S109: PT BAVARIA | T109: 270000 | U109: =SUM(H109*T109) -> 270000 | V109: 0 | W109: =SUM(U109*V109) -> 0 | X109: =SUM(U109-W109) -> 270000 | Y109: =SUM(X109) -> 270000 | Z109: 0.11 | AA109: =SUM(Y109)+(Y109*Z109) -> 299700
G110: GOT ASAT (SGOT) LS IFCC 4+1 3x20 ml+1x15 ml mtd | H110: 1 | I110: kit | J110: 990000 | K110: =SUM(H110*J110) -> 990000 | L110: 0.2 | M110: =SUM(K110*L110) -> 198000 | N110: =SUM(K110-M110) -> 792000 | S110: PT BAVARIA | T110: 300000 | U110: =SUM(H110*T110) -> 300000 | V110: 0 | W110: =SUM(U110*V110) -> 0 | X110: =SUM(U110-W110) -> 300000 | Y110: =SUM(X110) -> 300000 | Z110: 0.11 | AA110: =SUM(Y110)+(Y110*Z110) -> 333000
G111: HDL Direct 3x20ml + 1x20ml mtd | H111: 1 | I111: kit | J111: 10200000 | K111: =SUM(H111*J111) -> 10200000 | L111: 0.2 | M111: =SUM(K111*L111) -> 2040000 | N111: =SUM(K111-M111) -> 8160000 | S111: PT BAVARIA | T111: 1350000 | U111: =SUM(H111*T111) -> 1350000 | V111: 0 | W111: =SUM(V111) -> 0 | X111: =SUM(U111-W111) -> 1350000 | Y111: =SUM(X111) -> 1350000 | Z111: 0.11 | AA111: =SUM(Y111)+(Y111*Z111) -> 1498500
G112: GPT ALAT (SGPT) LS IFCC 4+1 3x20 ml+1x15 ml mtd | H112: 1 | I112: kit | J112: 990000 | K112: =SUM(H112*J112) -> 990000 | L112: 0.2 | M112: =SUM(K112*L112) -> 198000 | N112: =SUM(K112-M112) -> 792000 | S112: PT BAVARIA | T112: 300000 | U112: =SUM(H112*T112) -> 300000 | V112: 0 | W112: =SUM(U112*V112) -> 0 | X112: =SUM(U112-W112) -> 300000 | Y112: =SUM(X112) -> 300000 | Z112: 0.11 | AA112: =SUM(Y112)+(Y112*Z112) -> 333000
G113: Uric Acid Uricase PAP LS Mono 4x60ml 1x3ml mtd | H113: 1 | I113: kit | J113: 4320000 | K113: =SUM(H113*J113) -> 4320000 | L113: 0.2 | M113: =SUM(K113*L113) -> 864000 | N113: =SUM(K113-M113) -> 3456000 | S113: PT BAVARIA | T113: 510000 | U113: =SUM(H113*T113) -> 510000 | V113: 0 | W113: =SUM(U113*V113) -> 0 | X113: =SUM(U113-W113) -> 510000 | Y113: =SUM(X113) -> 510000 | Z113: 0.11 | AA113: =SUM(Y113)+(Y113*Z113) -> 566100
G114: Chemistry Control N 10x5 ml mtd | H114: 1 | I114: kit | J114: 10140870 | K114: =SUM(H114*J114) -> 10140870 | L114: 0.2 | M114: =SUM(K114*L114) -> 2028174 | N114: =SUM(K114-M114) -> 8112696 | S114: PT BAVARIA | T114: 1170000 | U114: =SUM(H114*T114) -> 1170000 | V114: 0 | W114: =SUM(U114*V114) -> 0 | X114: =SUM(U114-W114) -> 1170000 | Y114: =SUM(X114) -> 1170000 | Z114: 0.11 | AA114: =SUM(Y114)+(Y114*Z114) -> 1298700
G115: Pot Feses 30ml | H115: 50 | I115: pack | J115: 7500 | K115: =SUM(H115*J115) -> 375000 | L115: 0.2 | M115: =SUM(K115*L115) -> 75000 | N115: =SUM(K115-M115) -> 300000 | S115: PT GOLDEN PRATAMA | T115: 1500 | U115: =SUM(H115*T115) -> 75000 | V115: 0 | W115: =SUM(U115*V115) -> 0 | X115: =SUM(U115-W115) -> 75000 | Y115: =SUM(X115) -> 75000 | Z115: 0.11 | AA115: =SUM(Y115)+(Y115*Z115) -> 83250
G116: Pot Urine 50 cc tutup putih isi 100 pcs/pack | H116: 1 | I116: pack | J116: 258100 | K116: =SUM(H116*J116) -> 258100 | L116: 0.2 | M116: =SUM(K116*L116) -> 51620 | N116: =SUM(K116-M116) -> 206480 | S116: TOKO PLASTIK RAKYAT | T116: 60000 | U116: =SUM(H116*T116) -> 60000 | V116: 0 | W116: =SUM(U116*V116) -> 0 | X116: =SUM(U116-W116) -> 60000 | Y116: =SUM(X116) -> 60000 | Z116: 0 | AA116: =SUM(Y116)+(Y116*Z116) -> 60000
G117: Pot Urine tutup kuning sterile isi 100pcs | H117: 1 | I117: pack | J117: 451600 | K117: =SUM(H117*J117) -> 451600 | L117: 0.2 | M117: =SUM(K117*L117) -> 90320 | N117: =SUM(K117-M117) -> 361280 | S117: PT AGARINDO COMPANY | T117: 308000 | U117: =SUM(H117*T117) -> 308000 | V117: 0.3 | W117: =SUM(U117*V117) -> 92400 | X117: =SUM(U117-W117) -> 215600 | Y117: =SUM(X117) -> 215600 | Z117: 0.11 | AA117: =SUM(Y117)+(Y117*Z117) -> 239316
G118: Holder vacutainer BD | H118: 5 | I118: pcs | J118: 27500 | K118: =SUM(H118*J118) -> 137500 | L118: 0.2 | M118: =SUM(K118*L118) -> 27500 | N118: =SUM(K118-M118) -> 110000 | S118: PT AAM | T118: 1150 | U118: =SUM(H118*T118) -> 5750 | V118: 0 | W118: =SUM(U118*V118) -> 0 | X118: =SUM(U118-W118) -> 5750 | Y118: =SUM(X118) -> 5750 | Z118: 0.11 | AA118: =SUM(Y118)+(Y118*Z118) -> 6382.5
A120: NOVEMBER 2025
A121: No. | B121: Faktur | D121: Sales | E121: Nama Pelanggan | F121: Kode | G121: Produk | H121: Quantity | J121: Harga Satuan | K121: Jumlah Harga | L121: Dics. | M121: Jumlah | N121: Jumlah | O121: Total | P121: PPN 11% | Q121: PPH 1,5 % | R121: Total Tghan | S121: DISTRIBUTOR | T121: Harga Pokok | U121: Harga Pokok | V121: DISCOUNT DISTRIBUTOR | W121: JUMLAH | X121: TOTAL | Y121: TOTAL PMBELIAN | Z121: PPN | AA121: TOTAL
B122: Tanggal | C122: No. Faktur | F122: Barang | H122: jml | I122: Satuan | J122: ( Rp ) | K122: ( Rp ) | L122: ( % ) | M122: Discon ( Rp ) | N122: setelah Disc | O122: Tagihan | R122: stlh PPN | T122: beli (Satuan) | U122: beli (Total) | V122: % | W122: DISC | X122: STLH DISC | Y122: SBLM PPN
A123: 1 | B123: 45967 | C123: 119561125 | E123: Lab Biovita | F123: PT | G123: B30 Control hematology 3ml Mindray | H123: 1 | I123: vial | J123: 617000 | K123: =SUM(H123*J123) -> 617000 | L123: 0.2 | M123: =SUM(K123*L123) -> 123400 | N123: =SUM(K123-M123) -> 493600 | O123: =SUM(N123:N124) -> 7651860.8 | P123: =SUM(O123*11%) -> 841704.69 | R123: =SUM(O123+P123) -> 8493565.5 | S123: PT TRIPATRIA ANDALAN | T123: 334000 | U123: =SUM(H123*T123) -> 334000 | V123: 0 | W123: =SUM(U123*V123) -> 0 | X123: =SUM(U123-W123) -> 334000 | Y123: =SUM(X123) -> 334000 | Z123: 0.11 | AA123: =SUM(Y123)+(Y123*Z123) -> 370740
...

Sheet JEC KEDOYA
A1: BREAKDOWN PENJUALAN PT. MITRAJAYA SELARAS ABADI
A5: 2025
A9: SEPTEMBER 2025
A10: No. | B10: Faktur | D10: Nama Pelanggan | E10: Produk | F10: Quantity | H10: Harga Satuan | I10: Jumlah Harga | J10: Dics. | K10: Jumlah | L10: Jumlah | M10: Total | N10: PPN 11% | O10: PPH 1,5 % | P10: Total Tghan | Q10: DISTRIBUTOR | R10: Harga Pokok | S10: Harga Pokok | T10: DISC DISTRIBUTOR | U10: JUMLAH | V10: TOTAL | W10: TOTAL PMBELIAN | X10: PPN | Y10: TOTAL
B11: Tanggal | C11: No. Faktur | F11: jml | G11: Satuan | H11: ( Rp ) | I11: ( Rp ) | J11: ( % ) | K11: Discon ( Rp ) | L11: setelah Disc | M11: Tagihan | P11: stlh PPN | R11: beli (Satuan) | S11: beli (Total) | T11: % | U11: DISC | V11: STLH DISC | W11: SBLM PPN
A12: 1 | B12: 45923 | C12: 119160925 | D12: JEC Kedoya | E12: Parafilm uk 2 Inch x 250FT | F12: 1 | G12: roll | H12: 990000 | I12: =SUM(F12*H12) -> 990000 | J12: 0 | K12: =SUM(I12*J12) -> 0 | L12: =SUM(I12-K12) -> 990000 | M12: =SUM(L12:L12) -> 990000 | N12: =SUM(M12*11%) -> 108900 | P12: =SUM(M12+N12) -> 1098900 | Q12: SMS Pramuka | R12: 550000 | S12: =SUM(F12*R12) -> 550000 | T12: 0 | U12: =SUM(S12*T12) -> 0 | V12: =SUM(S12-U12) -> 550000 | W12: =SUM(V12) -> 550000 | X12: 0.11 | Y12: =SUM(W12+(W12*X12)) -> 610500

Sheet JEC MENTENG
A1: BREAKDOWN PENJUALAN PT. MITRAJAYA SELARAS ABADI
A7: 2025
A12: JANUARI 2025
A13: No. | B13: Faktur | D13: Nama Pelanggan | E13: Produk | F13: Quantity | H13: Harga Satuan | I13: Jumlah Harga | J13: Dics. | K13: Jumlah | L13: Jumlah | M13: Total | N13: PPN 11% | O13: PPH 1,5 % | P13: Total Tghan | Q13: DISTRIBUTOR | R13: Harga Pokok | S13: Harga Pokok | T13: DISC DISTRIBUTOR | U13: JUMLAH | V13: TOTAL | W13: TOTAL PMBELIAN | X13: PPN | Y13: TOTAL
B14: Tanggal | C14: No. Faktur | F14: jml | G14: Satuan | H14: ( Rp ) | I14: ( Rp ) | J14: ( % ) | K14: Discon ( Rp ) | L14: setelah Disc | M14: Tagihan | P14: stlh PPN | R14: beli (Satuan) | S14: beli (Total) | T14: % | U14: DISC | V14: STLH DISC | W14: SBLM PPN
A15: 1 | B15: 45667 | C15: 117210125 | D15: JEC Menteng | E15: Blue Tips | F15: 2 | G15: pack | H15: 335000 | I15: =SUM(F15*H15) -> 670000 | J15: 0 | K15: =SUM(I15*J15) -> 0 | L15: =SUM(I15-K15) -> 670000 | M15: =SUM(L15:L15) -> 670000 | N15: =SUM(M15*11%) -> 73700 | P15: =SUM(M15+N15) -> 743700 | Q15: PT DJUNIAR & DJUNIAR | R15: 39000 | S15: =SUM(F15*R15) -> 78000 | T15: 0 | U15: =SUM(S15*T15) -> 0 | V15: =SUM(S15-U15) -> 78000 | W15: =SUM(V15) -> 78000 | X15: 0.11 | Y15: =SUM(W15+(W15*X15)) -> 86580
A18: APRIL 2025
A19: No. | B19: Faktur | D19: Nama Pelanggan | E19: Produk | F19: Quantity | H19: Harga Satuan | I19: Jumlah Harga | J19: Dics. | K19: Jumlah | L19: Jumlah | M19: Total | N19: PPN 11% | O19: PPH 1,5 % | P19: Total Tghan | Q19: DISTRIBUTOR | R19: Harga Pokok | S19: Harga Pokok | T19: DISC DISTRIBUTOR | U19: JUMLAH | V19: TOTAL | W19: TOTAL PMBELIAN | X19: PPN | Y19: TOTAL
B20: Tanggal | C20: No. Faktur | F20: jml | G20: Satuan | H20: ( Rp ) | I20: ( Rp ) | J20: ( % ) | K20: Discon ( Rp ) | L20: setelah Disc | M20: Tagihan | P20: stlh PPN | R20: beli (Satuan) | S20: beli (Total) | T20: % | U20: DISC | V20: STLH DISC | W20: SBLM PPN
A21: 1 | B21: 45378 | C21: 118050425 | D21: JEC Menteng | E21: Pewarna Gram 100 ml indoreagen | F21: 1 | G21: kit | H21: 815000 | I21: =SUM(F21*H21) -> 815000 | J21: 0.1 | K21: =SUM(I21*J21) -> 81500 | L21: =SUM(I21-K21) -> 733500 | M21: =SUM(L21:L21) -> 733500 | N21: =SUM(M21*11%) -> 80685 | P21: =SUM(M21+N21) -> 814185 | Q21: PT SHM | R21: 485000 | S21: =SUM(F21*R21) -> 485000 | T21: 0.25 | U21: =SUM(S21*T21) -> 121250 | V21: =SUM(S21-U21) -> 363750 | W21: =SUM(V21) -> 363750 | X21: 0.11 | Y21: =SUM(W21+(W21*X21)) -> 403762.5
A22: 2 | B22: 45397 | C22: 118060425 | D22: JEC Menteng | E22: Blue Tips | F22: 2 | G22: pack | H22: 335000 | I22: =SUM(F22*H22) -> 670000 | J22: 0 | K22: =SUM(I22*J22) -> 0 | L22: =SUM(I22-K22) -> 670000 | M22: =SUM(L22:L22) -> 670000 | N22: =SUM(M22*11%) -> 73700 | P22: =SUM(M22+N22) -> 743700 | Q22: PT DJUNIAR & DJUNIAR | R22: 39000 | S22: =SUM(F22*R22) -> 78000 | T22: 0 | U22: =SUM(S22*T22) -> 0 | V22: =SUM(S22-U22) -> 78000 | W22: =SUM(V22) -> 78000 | X22: 0.11 | Y22: =SUM(W22+(W22*X22)) -> 86580
A24: MEI 2025
A25: No. | B25: Faktur | D25: Nama Pelanggan | E25: Produk | F25: Quantity | H25: Harga Satuan | I25: Jumlah Harga | J25: Dics. | K25: Jumlah | L25: Jumlah | M25: Total | N25: PPN 11% | O25: PPH 1,5 % | P25: Total Tghan | Q25: DISTRIBUTOR | R25: Harga Pokok | S25: Harga Pokok | T25: DISC DISTRIBUTOR | U25: JUMLAH | V25: TOTAL | W25: TOTAL PMBELIAN | X25: PPN | Y25: TOTAL
B26: Tanggal | C26: No. Faktur | F26: jml | G26: Satuan | H26: ( Rp ) | I26: ( Rp ) | J26: ( % ) | K26: Discon ( Rp ) | L26: setelah Disc | M26: Tagihan | P26: stlh PPN | R26: beli (Satuan) | S26: beli (Total) | T26: % | U26: DISC | V26: STLH DISC | W26: SBLM PPN
A27: 1 | B27: 45417 | C27: 118160524 | D27: JEC Menteng | E27: Larutan KOH 10% 100ml | F27: 1 | G27: botol | H27: 67000 | I27: =SUM(F27*H27) -> 67000 | J27: 0 | K27: =SUM(I27*J27) -> 0 | L27: =SUM(I27-K27) -> 67000 | M27: =SUM(L27:L29) -> 1637000 | N27: =SUM(M27*11%) -> 180070 | P27: =SUM(M27+N27) -> 1817070 | Q27: PT SHM | R27: 35200 | S27: =SUM(F27*R27) -> 35200 | T27: 0.25 | U27: =SUM(S27*T27) -> 8800 | V27: =SUM(S27-U27) -> 26400 | W27: =SUM(V27) -> 26400 | X27: 0.11 | Y27: =SUM(W27+(W27*X27)) -> 29304
E28: Blue Tips | F28: 2 | G28: pack | H28: 335000 | I28: =SUM(F28*H28) -> 670000 | J28: 0 | K28: =SUM(I28*J28) -> 0 | L28: =SUM(I28-K28) -> 670000 | Q28: PT DJUNIAR & DJUNIAR | R28: 39000 | S28: =SUM(F28*R28) -> 78000 | T28: 0 | U28: =SUM(S28*T28) -> 0 | V28: =SUM(S28-U28) -> 78000 | W28: =SUM(V28) -> 78000 | X28: 0.11 | Y28: =SUM(W28+(W28*X28)) -> 86580
E29: Pewarna Wright 1x100ml | F29: 1 | G29: botol | H29: 900000 | I29: =SUM(F29*H29) -> 900000 | J29: 0 | K29: =SUM(I29*J29) -> 0 | L29: =SUM(I29-K29) -> 900000 | N29: =SUM(M29*11%) -> 0 | Q29: PT SHM | R29: 300000 | S29: =SUM(F29*R29) -> 300000 | T29: 0.25 | U29: =SUM(S29*T29) -> 75000 | V29: =SUM(S29-U29) -> 225000 | W29: =SUM(V29) -> 225000 | X29: 0.11 | Y29: =SUM(W29+(W29*X29)) -> 249750
A31: JUNI 2025
A32: No. | B32: Faktur | D32: Nama Pelanggan | E32: Produk | F32: Quantity | H32: Harga Satuan | I32: Jumlah Harga | J32: Dics. | K32: Jumlah | L32: Jumlah | M32: Total | N32: PPN 11% | O32: PPH 1,5 % | P32: Total Tghan | Q32: DISTRIBUTOR | R32: Harga Pokok | S32: Harga Pokok | T32: DISC DISTRIBUTOR | U32: JUMLAH | V32: TOTAL | W32: TOTAL PMBELIAN | X32: PPN | Y32: TOTAL
B33: Tanggal | C33: No. Faktur | F33: jml | G33: Satuan | H33: ( Rp ) | I33: ( Rp ) | J33: ( % ) | K33: Discon ( Rp ) | L33: setelah Disc | M33: Tagihan | P33: stlh PPN | R33: beli (Satuan) | S33: beli (Total) | T33: % | U33: DISC | V33: STLH DISC | W33: SBLM PPN
A34: 1 | B34: 45849 | C34: 118730725 | D34: JEC Menteng | E34: Yellow Tips | F34: 2 | G34: pack | H34: 335000 | I34: =SUM(F34*H34) -> 670000 | J34: 0 | K34: =SUM(I34*J34) -> 0 | L34: =SUM(I34-K34) -> 670000 | M34: =SUM(L34:L34) -> 670000 | N34: =SUM(M34*11%) -> 73700 | P34: =SUM(M34+N34) -> 743700 | Q34: PT VIPRO | R34: 23636 | S34: =SUM(F34*R34) -> 47272 | T34: 0 | U34: =SUM(S34*T34) -> 0 | V34: =SUM(S34-U34) -> 47272 | W34: =SUM(V34) -> 47272 | X34: 0.11 | Y34: =SUM(W34+(W34*X34)) -> 52471.92
A37: AGUSTUS 2025
A38: No. | B38: Faktur | D38: Nama Pelanggan | E38: Produk | F38: Quantity | H38: Harga Satuan | I38: Jumlah Harga | J38: Dics. | K38: Jumlah | L38: Jumlah | M38: Total | N38: PPN 11% | O38: PPH 1,5 % | P38: Total Tghan | Q38: DISTRIBUTOR | R38: Harga Pokok | S38: Harga Pokok | T38: DISC DISTRIBUTOR | U38: JUMLAH | V38: TOTAL | W38: TOTAL PMBELIAN | X38: PPN | Y38: TOTAL
B39: Tanggal | C39: No. Faktur | F39: jml | G39: Satuan | H39: ( Rp ) | I39: ( Rp ) | J39: ( % ) | K39: Discon ( Rp ) | L39: setelah Disc | M39: Tagihan | P39: stlh PPN | R39: beli (Satuan) | S39: beli (Total) | T39: % | U39: DISC | V39: STLH DISC | W39: SBLM PPN
A40: 1 | B40: 45875 | C40: 118850824 | D40: JEC Menteng | E40: Blue Tips | F40: 1 | G40: pack | H40: 335000 | I40: =SUM(F40*H40) -> 335000 | J40: 0 | K40: =SUM(I40*J40) -> 0 | L40: =SUM(I40-K40) -> 335000 | M40: =SUM(L40:L41) -> 670000 | N40: =SUM(M40*11%) -> 73700 | P40: =SUM(M40+N40) -> 743700 | Q40: PT DJUNIAR & DJUNIAR | R40: 39000 | S40: =SUM(F40*R40) -> 39000 | T40: 0 | U40: =SUM(S40*T40) -> 0 | V40: =SUM(S40-U40) -> 39000 | W40: =SUM(V40) -> 39000 | X40: 0.11 | Y40: =SUM(W40+(W40*X40)) -> 43290
E41: Yellow Tips | F41: 1 | G41: pack | H41: 335000 | I41: =SUM(F41*H41) -> 335000 | J41: 0 | K41: =SUM(I41*J41) -> 0 | L41: =SUM(I41-K41) -> 335000 | Q41: PT VIPRO | R41: 23636 | S41: =SUM(F41*R41) -> 23636 | T41: 0 | U41: =SUM(S41*T41) -> 0 | V41: =SUM(S41-U41) -> 23636 | W41: =SUM(V41) -> 23636 | X41: 0.11 | Y41: =SUM(W41+(W41*X41)) -> 26235.96
A42: 2 | B42: 45888 | C42: 118930825 | D42: JEC Menteng | E42: Parafilm uk 2 Inch x 250FT | F42: 1 | G42: roll | H42: 990000 | I42: =SUM(F42*H42) -> 990000 | J42: 0 | K42: =SUM(I42*J42) -> 0 | L42: =SUM(I42-K42) -> 990000 | M42: =SUM(L42:L42) -> 990000 | N42: =SUM(M42*11%) -> 108900 | P42: =SUM(M42+N42) -> 1098900 | Q42: SMS Pramuka | R42: 550000 | S42: =SUM(F42*R42) -> 550000 | T42: 0 | U42: =SUM(S42*T42) -> 0 | V42: =SUM(S42-U42) -> 550000 | W42: =SUM(V42) -> 550000 | X42: 0.11 | Y42: =SUM(W42+(W42*X42)) -> 610500
A43: 3 | B43: 45894 | C43: 118970825 | D43: JEC Menteng | E43: Blue Tips | F43: 2 | G43: pack | H43: 335000 | I43: =SUM(F43*H43) -> 670000 | J43: 0 | K43: =SUM(I43*J43) -> 0 | L43: =SUM(I43-K43) -> 670000 | M43: =SUM(L43:L43) -> 670000 | N43: =SUM(M43*11%) -> 73700 | P43: =SUM(M43+N43) -> 743700 | Q43: PT DJUNIAR & DJUNIAR | R43: 39000 | S43: =SUM(F43*R43) -> 78000 | T43: 0 | U43: =SUM(S43*T43) -> 0 | V43: =SUM(S43-U43) -> 78000 | W43: =SUM(V43) -> 78000 | X43: 0.11 | Y43: =SUM(W43+(W43*X43)) -> 86580
A45: SEPTEMBER 2025
A46: No. | B46: Faktur | D46: Nama Pelanggan | E46: Produk | F46: Quantity | H46: Harga Satuan | I46: Jumlah Harga | J46: Dics. | K46: Jumlah | L46: Jumlah | M46: Total | N46: PPN 11% | O46: PPH 1,5 % | P46: Total Tghan | Q46: DISTRIBUTOR | R46: Harga Pokok | S46: Harga Pokok | T46: DISC DISTRIBUTOR | U46: JUMLAH | V46: TOTAL | W46: TOTAL PMBELIAN | X46: PPN | Y46: TOTAL
B47: Tanggal | C47: No. Faktur | F47: jml | G47: Satuan | H47: ( Rp ) | I47: ( Rp ) | J47: ( % ) | K47: Discon ( Rp ) | L47: setelah Disc | M47: Tagihan | P47: stlh PPN | R47: beli (Satuan) | S47: beli (Total) | T47: % | U47: DISC | V47: STLH DISC | W47: SBLM PPN
A48: 1 | B48: 45917 | C48: 119130925 | D48: JEC Menteng | E48: Parafilm uk 2 Inch x 250FT | F48: 1 | G48: roll | H48: 990000 | I48: =SUM(F48*H48) -> 990000 | J48: 0 | K48: =SUM(I48*J48) -> 0 | L48: =SUM(I48-K48) -> 990000 | M48: =SUM(L48:L49) -> 1638000 | N48: =SUM(M48*11%) -> 180180 | P48: =SUM(M48+N48) -> 1818180 | Q48: SMS Pramuka | R48: 550000 | S48: =SUM(F48*R48) -> 550000 | T48: 0 | U48: =SUM(S48*T48) -> 0 | V48: =SUM(S48-U48) -> 550000 | W48: =SUM(V48) -> 550000 | X48: 0.11 | Y48: =SUM(W48+(W48*X48)) -> 610500
E49: Uri Check 10L | F49: 1 | G49: botol | H49: 648000 | I49: =SUM(F49*H49) -> 648000 | J49: 0 | K49: =SUM(I49*J49) -> 0 | L49: =SUM(I49-K49) -> 648000 | Q49: PT FOKUS DIAGNOSTIG | R49: 577500 | S49: =SUM(F49*R49) -> 577500 | T49: 0.2 | U49: =SUM(S49*T49) -> 115500 | V49: =SUM(S49-U49) -> 462000 | W49: =SUM(V49) -> 462000 | X49: 0.11 | Y49: =SUM(W49+(W49*X49)) -> 512820
A51: OKTOBER 2025
A52: No. | B52: Faktur | D52: Nama Pelanggan | E52: Produk | F52: Quantity | H52: Harga Satuan | I52: Jumlah Harga | J52: Dics. | K52: Jumlah | L52: Jumlah | M52: Total | N52: PPN 11% | O52: PPH 1,5 % | P52: Total Tghan | Q52: DISTRIBUTOR | R52: Harga Pokok | S52: Harga Pokok | T52: DISC DISTRIBUTOR | U52: JUMLAH | V52: TOTAL | W52: TOTAL PMBELIAN | X52: PPN | Y52: TOTAL
B53: Tanggal | C53: No. Faktur | F53: jml | G53: Satuan | H53: ( Rp ) | I53: ( Rp ) | J53: ( % ) | K53: Discon ( Rp ) | L53: setelah Disc | M53: Tagihan | P53: stlh PPN | R53: beli (Satuan) | S53: beli (Total) | T53: % | U53: DISC | V53: STLH DISC | W53: SBLM PPN
A54: 1 | B54: 45933 | C54: 119261025 | D54: JEC Menteng | E54: Blue Tips | F54: 2 | G54: pack | H54: 335000 | I54: =SUM(F54*H54) -> 670000 | J54: 0 | K54: =SUM(I54*J54) -> 0 | L54: =SUM(I54-K54) -> 670000 | M54: =SUM(L54:L55) -> 1340000 | N54: =SUM(M54*11%) -> 147400 | P54: =SUM(M54+N54) -> 1487400 | Q54: PT DJUNIAR & DJUNIAR | R54: 39000 | S54: =SUM(F54*R54) -> 78000 | T54: 0 | U54: =SUM(S54*T54) -> 0 | V54: =SUM(S54-U54) -> 78000 | W54: =SUM(V54) -> 78000 | X54: 0.11 | Y54: =SUM(W54+(W54*X54)) -> 86580
E55: Yellow Tips | F55: 2 | G55: pack | H55: 335000 | I55: =SUM(F55*H55) -> 670000 | J55: 0 | K55: =SUM(I55*J55) -> 0 | L55: =SUM(I55-K55) -> 670000 | Q55: PT VIPRO | R55: 23636 | S55: =SUM(F55*R55) -> 47272 | T55: 0 | U55: =SUM(S55*T55) -> 0 | V55: =SUM(S55-U55) -> 47272 | W55: =SUM(V55) -> 47272 | X55: 0.11 | Y55: =SUM(W55+(W55*X55)) -> 52471.92
A57: NOVEMBER 2025
A58: No. | B58: Faktur | D58: Nama Pelanggan | E58: Produk | F58: Quantity | H58: Harga Satuan | I58: Jumlah Harga | J58: Dics. | K58: Jumlah | L58: Jumlah | M58: Total | N58: PPN 11% | O58: PPH 1,5 % | P58: Total Tghan | Q58: DISTRIBUTOR | R58: Harga Pokok | S58: Harga Pokok | T58: DISC DISTRIBUTOR | U58: JUMLAH | V58: TOTAL | W58: TOTAL PMBELIAN | X58: PPN | Y58: TOTAL
B59: Tanggal | C59: No. Faktur | F59: jml | G59: Satuan | H59: ( Rp ) | I59: ( Rp ) | J59: ( % ) | K59: Discon ( Rp ) | L59: setelah Disc | M59: Tagihan | P59: stlh PPN | R59: beli (Satuan) | S59: beli (Total) | T59: % | U59: DISC | V59: STLH DISC | W59: SBLM PPN
A60: 1 | B60: 45967 | C60: 119551125 | D60: JEC Menteng | E60: Blue Tips | F60: 1 | G60: pack | H60: 335000 | I60: =SUM(F60*H60) -> 335000 | J60: 0 | K60: =SUM(I60*J60) -> 0 | L60: =SUM(I60-K60) -> 335000 | M60: =SUM(L60:L61) -> 1005000 | N60: =SUM(M60*11%) -> 110550 | P60: =SUM(M60+N60) -> 1115550 | Q60: PT DJUNIAR & DJUNIAR | R60: 39000 | S60: =SUM(F60*R60) -> 39000 | T60: 0 | U60: =SUM(S60*T60) -> 0 | V60: =SUM(S60-U60) -> 39000 | W60: =SUM(V60) -> 39000 | X60: 0.11 | Y60: =SUM(W60+(W60*X60)) -> 43290
E61: Yellow Tips | F61: 2 | G61: pack | H61: 335000 | I61: =SUM(F61*H61) -> 670000 | J61: 0 | K61: =SUM(I61*J61) -> 0 | L61: =SUM(I61-K61) -> 670000 | Q61: PT VIPRO | R61: 23636 | S61: =SUM(F61*R61) -> 47272 | T61: 0 | U61: =SUM(S61*T61) -> 0 | V61: =SUM(S61-U61) -> 47272 | W61: =SUM(V61) -> 47272 | X61: 0.11 | Y61: =SUM(W61+(W61*X61)) -> 52471.92
A62: 2 | B62: 45975 | C62: 119611125 | D62: JEC Menteng | E62: Pewarna Gram 100 ml indoreagen | F62: 1 | G62: kit | H62: 815000 | I62: =SUM(F62*H62) -> 815000 | J62: 0.1 | K62: =SUM(I62*J62) -> 81500 | L62: =SUM(I62-K62) -> 733500 | M62: =SUM(L62:L62) -> 733500 | N62: =SUM(M62*11%) -> 80685 | P62: =SUM(M62+N62) -> 814185 | Q62: PT SHM | R62: 485000 | S62: =SUM(F62*R62) -> 485000 | T62: 0.25 | U62: =SUM(S62*T62) -> 121250 | V62: =SUM(S62-U62) -> 363750 | W62: =SUM(V62) -> 363750 | X62: 0.11 | Y62: =SUM(W62+(W62*X62)) -> 403762.5
A63: 3 | B63: 45975 | C63: 119621125 | D63: JEC Menteng | E63: Uri Check 10L | F63: 1 | G63: botol | H63: 648000 | I63: =SUM(F63*H63) -> 648000 | J63: 0 | K63: =SUM(I63*J63) -> 0 | L63: =SUM(I63-K63) -> 648000 | M63: =SUM(L63:L63) -> 648000 | N63: =SUM(M63*11%) -> 71280 | P63: =SUM(M63+N63) -> 719280 | Q63: PT FOKUS DIAGNOSTIG | R63: 577500 | S63: =SUM(F63*R63) -> 577500 | T63: 0.2 | U63: =SUM(S63*T63) -> 115500 | V63: =SUM(S63-U63) -> 462000 | W63: =SUM(V63) -> 462000 | X63: 0.11 | Y63: =SUM(W63+(W63*X63)) -> 512820
A65: DESEMBER 2025
A66: No. | B66: Faktur | D66: Nama Pelanggan | E66: Produk | F66: Quantity | H66: Harga Satuan | I66: Jumlah Harga | J66: Dics. | K66: Jumlah | L66: Jumlah | M66: Total | N66: PPN 11% | O66: PPH 1,5 % | P66: Total Tghan | Q66: DISTRIBUTOR | R66: Harga Pokok | S66: Harga Pokok | T66: DISC DISTRIBUTOR | U66: JUMLAH | V66: TOTAL | W66: TOTAL PMBELIAN | X66: PPN | Y66: TOTAL
B67: Tanggal | C67: No. Faktur | F67: jml | G67: Satuan | H67: ( Rp ) | I67: ( Rp ) | J67: ( % ) | K67: Discon ( Rp ) | L67: setelah Disc | M67: Tagihan | P67: stlh PPN | R67: beli (Satuan) | S67: beli (Total) | T67: % | U67: DISC | V67: STLH DISC | W67: SBLM PPN
A68: 1 | B68: 45994 | C68: 119731225 | D68: JEC Menteng | E68: Blue Tips | F68: 2 | G68: pack | H68: 335000 | I68: =SUM(F68*H68) -> 670000 | J68: 0 | K68: =SUM(I68*J68) -> 0 | L68: =SUM(I68-K68) -> 670000 | M68: =SUM(L68:L68) -> 670000 | N68: =SUM(M68*11%) -> 73700 | P68: =SUM(M68+N68) -> 743700 | Q68: PT DJUNIAR & DJUNIAR | R68: 39000 | S68: =SUM(F68*R68) -> 78000 | T68: 0 | U68: =SUM(S68*T68) -> 0 | V68: =SUM(S68-U68) -> 78000 | W68: =SUM(V68) -> 78000 | X68: 0.11 | Y68: =SUM(W68+(W68*X68)) -> 86580
A69: 2 | B69: 46002 | C69: 119751225 | D69: JEC Menteng | E69: Yellow Tips | F69: 2 | G69: pack | H69: 335000 | I69: =SUM(F69*H69) -> 670000 | J69: 0 | K69: =SUM(I69*J69) -> 0 | L69: =SUM(I69-K69) -> 670000 | M69: =SUM(L69:L69) -> 670000 | N69: =SUM(M69*11%) -> 73700 | P69: =SUM(M69+N69) -> 743700 | Q69: PT VIPRO | R69: 23636 | S69: =SUM(F69*R69) -> 47272 | T69: 0 | U69: =SUM(S69*T69) -> 0 | V69: =SUM(S69-U69) -> 47272 | W69: =SUM(V69) -> 47272 | X69: 0.11 | Y69: =SUM(W69+(W69*X69)) -> 52471.92
A70: 3 | B70: 46002 | C70: 119761225 | D70: JEC Menteng | E70: Larutan KOH 10% 100ml | F70: 1 | G70: botol | H70: 67000 | I70: =SUM(F70*H70) -> 67000 | J70: 0 | K70: =SUM(I70*J70) -> 0 | L70: =SUM(I70-K70) -> 67000 | M70: =SUM(L70) -> 67000 | N70: =SUM(M70*11%) -> 7370 | P70: =SUM(M70+N70) -> 74370 | Q70: PT SHM | R70: 35200 | S70: =SUM(F70*R70) -> 35200 | T70: 0.25 | U70: =SUM(S70*T70) -> 8800 | V70: =SUM(S70-U70) -> 26400 | W70: =SUM(V70) -> 26400 | X70: 0.11 | Y70: =SUM(W70+(W70*X70)) -> 29304
A71: 3 | B71: 46008 | C71: 119831225 | D71: JEC Menteng | E71: Yellow Tips | F71: 2 | G71: pack | H71: 335000 | I71: =SUM(F71*H71) -> 670000 | J71: 0 | K71: =SUM(I71*J71) -> 0 | L71: =SUM(I71-K71) -> 670000 | M71: =SUM(L71:L72) -> 737000 | N71: =SUM(M71*11%) -> 81070 | P71: =SUM(M71+N71) -> 818070 | Q71: PT VIPRO | R71: 23636 | S71: =SUM(F71*R71) -> 47272 | T71: 0 | U71: =SUM(S71*T71) -> 0 | V71: =SUM(S71-U71) -> 47272 | W71: =SUM(V71) -> 47272 | X71: 0.11 | Y71: =SUM(W71+(W71*X71)) -> 52471.92
E72: Larutan KOH 10% 100ml | F72: 1 | G72: botol | H72: 67000 | I72: =SUM(F72*H72) -> 67000 | J72: 0 | K72: =SUM(I72*J72) -> 0 | L72: =SUM(I72-K72) -> 67000 | Q72: PT SHM | R72: 35200 | S72: =SUM(F72*R72) -> 35200 | T72: 0.25 | U72: =SUM(S72*T72) -> 8800 | V72: =SUM(S72-U72) -> 26400 | W72: =SUM(V72) -> 26400 | X72: 0.11 | Y72: =SUM(W72+(W72*X72)) -> 29304
A73: 4 | B73: 46008 | C73: 119841225 | D73: JEC Menteng | E73: Pewarna Wright 1x100ml | F73: 1 | G73: botol | H73: 900000 | I73: =SUM(F73*H73) -> 900000 | J73: 0 | K73: =SUM(I73*J73) -> 0 | L73: =SUM(I73-K73) -> 900000 | M73: =SUM(L73:L73) -> 900000 | N73: =SUM(M73*11%) -> 99000 | P73: =SUM(M73+N73) -> 999000 | Q73: PT SHM | R73: 300000 | S73: =SUM(F73*R73) -> 300000 | T73: 0.25 | U73: =SUM(S73*T73) -> 75000 | V73: =SUM(S73-U73) -> 225000 | W73: =SUM(V73) -> 225000 | X73: 0.11 | Y73: =SUM(W73+(W73*X73)) -> 249750
A74: 5 | B74: 46008 | C74: 119851225 | D74: JEC Menteng | E74: Pewarna Gram 4 X 100 ml indoreagen | F74: 1 | G74: kit | H74: 815000 | I74: =SUM(F74*H74) -> 815000 | J74: 0 | K74: =SUM(I74*J74) -> 0 | L74: =SUM(I74-K74) -> 815000 | M74: =SUM(L74:L74) -> 815000 | N74: =SUM(M74*11%) -> 89650 | P74: =SUM(M74+N74) -> 904650 | Q74: PT SHM | R74: 485000 | S74: =SUM(F74*R74) -> 485000 | T74: 0.25 | U74: =SUM(S74*T74) -> 121250 | V74: =SUM(S74-U74) -> 363750 | W74: =SUM(V74) -> 363750 | X74: 0.11 | Y74: =SUM(W74+(W74*X74)) -> 403762.5
B79: Note: 1 pack blue tip pesanan JEC Menteng = 2 pack blue tip @500 pcs
B80: isi 1 pack blue tip yang dijual ke JEC Menteng yaitu 1.000 pcs
B81: pakai blue tips gilson nesco karena blue tips darii GP tidak cocok

Sheet JEC BEKASI
A1: BREAKDOWN PENJUALAN PT. MITRAJAYA SELARAS ABADI
A5: 2025
A9: NOVEMBER 2025
A10: No. | B10: Faktur | D10: Nama Pelanggan | E10: Produk | F10: Quantity | H10: Harga Satuan | I10: Jumlah Harga | J10: Dics. | K10: Jumlah | L10: Jumlah | M10: Total | N10: PPN 11% | O10: PPH 1,5 % | P10: Total Tghan | Q10: DISTRIBUTOR | R10: Harga Pokok | S10: Harga Pokok | T10: DISC DISTRIBUTOR | U10: JUMLAH | V10: TOTAL | W10: TOTAL PMBELIAN | X10: PPN | Y10: TOTAL
B11: Tanggal | C11: No. Faktur | F11: jml | G11: Satuan | H11: ( Rp ) | I11: ( Rp ) | J11: ( % ) | K11: Discon ( Rp ) | L11: setelah Disc | M11: Tagihan | P11: stlh PPN | R11: beli (Satuan) | S11: beli (Total) | T11: % | U11: DISC | V11: STLH DISC | W11: SBLM PPN
A12: 1 | B12: 45988 | C12: 119701125 | D12: JEC Bekasi | E12: Parafilm uk 2 Inch x 250FT | F12: 1 | G12: roll | H12: 990000 | I12: =SUM(F12*H12) -> 990000 | J12: 0 | K12: =SUM(I12*J12) -> 0 | L12: =SUM(I12-K12) -> 990000 | M12: =SUM(L12:L12) -> 990000 | N12: =SUM(M12*11%) -> 108900 | P12: =SUM(M12+N12) -> 1098900 | Q12: SMS Pramuka | R12: 550000 | S12: =SUM(F12*R12) -> 550000 | T12: 0 | U12: =SUM(S12*T12) -> 0 | V12: =SUM(S12-U12) -> 550000 | W12: =SUM(V12) -> 550000 | X12: 0.11 | Y12: =SUM(W12+(W12*X12)) -> 610500

Sheet LK ZAM ZAM
A1: BREAKDOWN PENJUALAN PT. MITRAJAYA SELARAS ABADI
A9: 2025
A16: FEBRUARI 2025
A17: No. | B17: Faktur | D17: Nama Pelanggan | E17: Produk | F17: Quantity | H17: Harga Satuan | I17: Jumlah Harga | J17: Dics. | K17: Jumlah | L17: Jumlah | M17: Total | N17: PPN 11% | O17: PPH 1,5 % | P17: Total Tghan | Q17: DISTRIBUTOR | R17: Harga Pokok | S17: Harga Pokok | T17: DISCOUNT DISTRIBUTOR | U17: JUMLAH | V17: TOTAL | W17: TOTAL PMBELIAN | X17: PPN | Y17: TOTAL
B18: Tanggal | C18: No. Faktur | F18: jml | G18: Satuan | H18: ( Rp ) | I18: ( Rp ) | J18: ( % ) | K18: Discon ( Rp ) | L18: setelah Disc | M18: Tagihan | P18: stlh PPN | R18: beli (Satuan) | S18: beli (Total) | T18: % | U18: DISC | V18: STLH DISC | W18: SBLM PPN
A19: 1 | B19: 45705 | C19: 117540225 | D19: Klinik Pratama Zam Zam Medika | E19: M30 Diluent 20L Mindray | F19: 1 | G19: box | H19: 2237000 | I19: =SUM(F19*H19) -> 2237000 | J19: 0.3 | K19: =SUM(I19*J19) -> 671100 | L19: =SUM(I19-K19) -> 1565900 | M19: =SUM(L19:L21) -> 3335150 | N19: =SUM(M19*11%) -> 366866.5 | P19: =SUM(M19+N19) -> 3702016.5 | Q19: PT SMS | R19: 613000 | S19: =SUM(F19*R19) -> 613000 | T19: 0 | U19: =SUM(S19*T19) -> 0 | V19: =SUM(S19-U19) -> 613000 | W19: =SUM(V19) -> 613000 | X19: 0.11 | Y19: =SUM(W19+(W19*X19)) -> 680430
E20: Probe Cleanser 50 ml Mindray | F20: 3 | G20: botol | H20: 485000 | I20: =SUM(F20*H20) -> 1455000 | J20: 0.3 | K20: =SUM(I20*J20) -> 436500 | L20: =SUM(I20-K20) -> 1018500 | Q20: PT PT TRIPATRIA ANDALAN MEDIKA | R20: 150000 | S20: =SUM(F20*R20) -> 450000 | T20: 0 | U20: =SUM(S20*T20) -> 0 | V20: =SUM(S20-U20) -> 450000 | W20: =SUM(V20) -> 450000 | X20: 0.11 | Y20: =SUM(W20+(W20*X20)) -> 499500
E21: Widal BAV | F21: 1 | G21: set | H21: 1072500 | I21: =SUM(F21*H21) -> 1072500 | J21: 0.3 | K21: =SUM(I21*J21) -> 321750 | L21: =SUM(I21-K21) -> 750750 | P21: =SUM(M21+N21) -> 0 | Q21: PT BAVARIA | R21: 495495 | S21: =SUM(F21*R21) -> 495495 | T21: 0 | U21: =SUM(S21*T21) -> 0 | V21: =SUM(S21-U21) -> 495495 | W21: =SUM(V21) -> 495495 | X21: 0.11 | Y21: =SUM(W21+(W21*X21)) -> 549999.45
A23: FEBRUARI 2025
A24: No. | B24: Faktur | D24: Nama Pelanggan | E24: Produk | F24: Quantity | H24: Harga Satuan | I24: Jumlah Harga | J24: Dics. | K24: Jumlah | L24: Jumlah | M24: Total | N24: PPN 11% | O24: PPH 1,5 % | P24: Total Tghan | Q24: DISTRIBUTOR | R24: Harga Pokok | S24: Harga Pokok | T24: DISCOUNT DISTRIBUTOR | U24: JUMLAH | V24: TOTAL | W24: TOTAL PMBELIAN | X24: PPN | Y24: TOTAL
B25: Tanggal | C25: No. Faktur | F25: jml | G25: Satuan | H25: ( Rp ) | I25: ( Rp ) | J25: ( % ) | K25: Discon ( Rp ) | L25: setelah Disc | M25: Tagihan | P25: stlh PPN | R25: beli (Satuan) | S25: beli (Total) | T25: % | U25: DISC | V25: STLH DISC | W25: SBLM PPN
A26: 1 | B26: 45719 | C26: 118440625 | D26: Klinik Pratama Zam Zam Medika | E26: M30 Diluent 20L Mindray | F26: 1 | G26: box | H26: 2237000 | I26: =SUM(F26*H26) -> 2237000 | J26: 0.3 | K26: =SUM(I26*J26) -> 671100 | L26: =SUM(I26-K26) -> 1565900 | M26: =SUM(L26:L28) -> 3882550 | N26: =SUM(M26*11%) -> 427080.5 | P26: =SUM(M26+N26) -> 4309630.5 | Q26: PT SMS | R26: 613000 | S26: =SUM(F26*R26) -> 613000 | T26: 0 | U26: =SUM(S26*T26) -> 0 | V26: =SUM(S26-U26) -> 613000 | W26: =SUM(V26) -> 613000 | X26: 0.11 | Y26: =SUM(W26+(W26*X26)) -> 680430
E27: M30 CFL Lyse 500 ml Mindray | F27: 1 | G27: botol | H27: 2237000 | I27: =SUM(F27*H27) -> 2237000 | J27: 0.3 | K27: =SUM(I27*J27) -> 671100 | L27: =SUM(I27-K27) -> 1565900 | Q27: PT SMS | R27: 607000 | S27: =SUM(F27*R27) -> 607000 | T27: 0 | U27: =SUM(S27*T27) -> 0 | V27: =SUM(S27-U27) -> 607000 | W27: =SUM(V27) -> 607000 | X27: 0.11 | Y27: =SUM(W27+(W27*X27)) -> 673770
E28: Widal BAV | F28: 1 | G28: set | H28: 1072500 | I28: =SUM(F28*H28) -> 1072500 | J28: 0.3 | K28: =SUM(I28*J28) -> 321750 | L28: =SUM(I28-K28) -> 750750 | P28: =SUM(M28+N28) -> 0 | Q28: PT BAVARIA | R28: 495495 | S28: =SUM(F28*R28) -> 495495 | T28: 0 | U28: =SUM(S28*T28) -> 0 | V28: =SUM(S28-U28) -> 495495 | W28: =SUM(V28) -> 495495 | X28: 0.11 | Y28: =SUM(W28+(W28*X28)) -> 549999.45
A31: SEPTEMBER 2025
A32: No. | B32: Faktur | D32: Nama Pelanggan | E32: Produk | F32: Quantity | H32: Harga Satuan | I32: Jumlah Harga | J32: Dics. | K32: Jumlah | L32: Jumlah | M32: Total | N32: PPN 11% | O32: PPH 1,5 % | P32: Total Tghan | Q32: DISTRIBUTOR | R32: Harga Pokok | S32: Harga Pokok | T32: DISCOUNT DISTRIBUTOR | U32: JUMLAH | V32: TOTAL | W32: TOTAL PMBELIAN | X32: PPN | Y32: TOTAL
B33: Tanggal | C33: No. Faktur | F33: jml | G33: Satuan | H33: ( Rp ) | I33: ( Rp ) | J33: ( % ) | K33: Discon ( Rp ) | L33: setelah Disc | M33: Tagihan | P33: stlh PPN | R33: beli (Satuan) | S33: beli (Total) | T33: % | U33: DISC | V33: STLH DISC | W33: SBLM PPN
A34: 1 | B34: 45926 | C34: 119190925 | D34: Klinik Pratama Zam Zam Medika | E34: M30 Diluent 20L Mindray | F34: 1 | G34: box | H34: 2237000 | I34: =SUM(F34*H34) -> 2237000 | J34: 0.3 | K34: =SUM(I34*J34) -> 671100 | L34: =SUM(I34-K34) -> 1565900 | M34: =SUM(L34:L37) -> 3795300 | N34: =SUM(M34*11%) -> 417483 | P34: =SUM(M34+N34) -> 4212783 | Q34: PT TRIPATRIA | R34: 613000 | S34: =SUM(F34*R34) -> 613000 | T34: 0 | U34: =SUM(S34*T34) -> 0 | V34: =SUM(S34-U34) -> 613000 | W34: =SUM(V34) -> 613000 | X34: 0.11 | Y34: =SUM(W34+(W34*X34)) -> 680430
E35: SGPT 3x40 ml+1x30 ml mtd | F35: 1 | G35: kit | H35: 1396000 | I35: =SUM(F35*H35) -> 1396000 | J35: 0.3 | K35: =SUM(I35*J35) -> 418800 | L35: =SUM(I35-K35) -> 977200 | Q35: BAVARIA | R35: 400000 | S35: =SUM(F35*R35) -> 400000 | T35: 0 | U35: =SUM(S35*T35) -> 0 | V35: 400000 | W35: =SUM(V35) -> 400000 | X35: 0.11 | Y35: =SUM(W35+(W35*X35)) -> 444000
E36: SGOT 3x40 ml+1x30 ml mtd | F36: 1 | G36: kit | H36: 1396000 | I36: =SUM(F36*H36) -> 1396000 | J36: 0.3 | K36: =SUM(I36*J36) -> 418800 | L36: =SUM(I36-K36) -> 977200 | Q36: BAVARIA | R36: 400000 | S36: =SUM(F36*R36) -> 400000 | T36: 0 | U36: =SUM(S36*T36) -> 0 | V36: 400000 | W36: =SUM(V36) -> 400000 | X36: 0.11 | Y36: =SUM(W36+(W36*X36)) -> 444000
E37: Thermal Paper 4,9mm | F37: 5 | G37: rol | H37: 55000 | I37: =SUM(F37*H37) -> 275000 | J37: 0 | K37: =SUM(I37*J37) -> 0 | L37: =SUM(I37-K37) -> 275000 | Q37: PT SMS | R37: 14000 | S37: =SUM(F37*R37) -> 70000 | T37: 0 | U37: =SUM(S37*T37) -> 0 | V37: =SUM(S37-U37) -> 70000 | W37: =SUM(V37) -> 70000 | X37: 0.11 | Y37: =SUM(W37+(W37*X37)) -> 77700

Sheet PT Najib Sukses Banjarmasin
A1: BREAKDOWN PENJUALAN PT. MITRAJAYA SELARAS ABADI
A5: 2025
A8: JANUARI 2025
A9: No. | B9: Faktur | D9: Sales | E9: Nama Pelanggan | F9: Produk | G9: Quantity | I9: Harga Satuan | J9: Jumlah Harga | K9: Dics. | L9: Jumlah | M9: Jumlah | N9: Total | O9: PPN 11% | P9: PPH 1,5 % | Q9: Total Tghan | R9: DISTRIBUTOR | S9: Harga Pokok | T9: Harga Pokok | U9: DISCOUNT DISTRIBUTOR | V9: JUMLAH | W9: TOTAL | X9: TOTAL PMBELIAN | Y9: PPN | Z9: TOTAL
B10: Tanggal | C10: No. Faktur | G10: jml | H10: Satuan | I10: ( Rp ) | J10: ( Rp ) | K10: ( % ) | L10: Discon ( Rp ) | M10: setelah Disc | N10: Tagihan | Q10: stlh PPN | S10: beli (Satuan) | T10: beli (Total) | U10: % | V10: DISC | W10: STLH DISC | X10: SBLM PPN
A11: 1 | B11: 45664 | C11: 117170125 | E11: PT Najib Sukses Banjarmasin | F11: HDL Cholesterol 54 ml Mindray | G11: 2 | H11: kit | I11: 3609000 | J11: =SUM(G11*I11) -> 7218000 | K11: 0.3 | L11: =SUM(J11*K11) -> 2165400 | M11: =SUM(J11-L11) -> 5052600 | N11: =SUM(M11:M18) -> 21247100 | O11: =SUM(N11*11%) -> 2337181 | Q11: =SUM(N11+O11) -> 23584281 | R11: PT TRIPATRIA ANDALAN MEDIKA | S11: 1561285 | T11: =SUM(G11*S11) -> 3122570 | U11: 0 | V11: =SUM(T11*U11) -> 0 | W11: =SUM(T11-V11) -> 3122570 | X11: =SUM(W11) -> 3122570 | Y11: 0.11 | Z11: =SUM(X11+(X11*Y11)) -> 3466052.7
F12: BC-5D Hematology Control Mindray | G12: 1 | H12: vial | I12: 1412000 | J12: =SUM(G12*I12) -> 1412000 | K12: 0.3 | L12: =SUM(J12*K12) -> 423600 | M12: =SUM(J12-L12) -> 988400 | R12: PT TRIPATRIA ANDALAN MEDIKA | S12: 557900 | T12: =SUM(G12*S12) -> 557900 | U12: 0 | V12: =SUM(T12*U12) -> 0 | W12: =SUM(T12-V12) -> 557900 | X12: =SUM(W12) -> 557900 | Y12: 0.11 | Z12: =SUM(X12+(X12*Y12)) -> 619269
F13: M52 LH Lyse 100 ml Mindray | G13: 3 | H13: botol | I13: 1815000 | J13: =SUM(G13*I13) -> 5445000 | K13: 0.3 | L13: =SUM(J13*K13) -> 1633500 | M13: =SUM(J13-L13) -> 3811500 | R13: PT TRIPATRIA ANDALAN MEDIKA | S13: 658000 | T13: =SUM(G13*S13) -> 1974000 | U13: 0 | V13: =SUM(T13*U13) -> 0 | W13: =SUM(T13-V13) -> 1974000 | X13: =SUM(W13) -> 1974000 | Y13: 0.11 | Z13: =SUM(X13+(X13*Y13)) -> 2191140
F14: M52 Diff Lyse 500 ml Mindray | G14: 3 | H14: botol | I14: 2891000 | J14: =SUM(G14*I14) -> 8673000 | K14: 0.3 | L14: =SUM(J14*K14) -> 2601900 | M14: =SUM(J14-L14) -> 6071100 | R14: PT TRIPATRIA ANDALAN MEDIKA | S14: 1462000 | T14: =SUM(G14*S14) -> 4386000 | U14: 0 | V14: =SUM(T14*U14) -> 0 | W14: =SUM(T14-V14) -> 4386000 | X14: =SUM(W14) -> 4386000 | Y14: 0.11 | Z14: =SUM(X14+(X14*Y14)) -> 4868460
F15: Triglycerides 160ml Mindray | G15: 1 | H15: kit | I15: 1667000 | J15: =SUM(G15*I15) -> 1667000 | K15: 0.3 | L15: =SUM(J15*K15) -> 500100 | M15: =SUM(J15-L15) -> 1166900 | R15: PT TRIPATRIA ANDALAN MEDIKA | S15: 720940 | T15: =SUM(G15*S15) -> 720940 | U15: 0 | V15: =SUM(T15*U15) -> 0 | W15: =SUM(T15-V15) -> 720940 | X15: =SUM(W15) -> 720940 | Y15: 0.11 | Z15: =SUM(X15+(X15*Y15)) -> 800243.4
F16: Total Cholesterol 160ml Mindray | G16: 1 | H16: kit | I16: 929000 | J16: =SUM(G16*I16) -> 929000 | K16: 0.3 | L16: =SUM(J16*K16) -> 278700 | M16: =SUM(J16-L16) -> 650300 | R16: PT TRIPATRIA ANDALAN MEDIKA | S16: 401830 | T16: =SUM(G16*S16) -> 401830 | U16: 0 | V16: =SUM(T16*U16) -> 0 | W16: =SUM(T16-V16) -> 401830 | X16: =SUM(W16) -> 401830 | Y16: 0.11 | Z16: =SUM(X16+(X16*Y16)) -> 446031.3
F17: M52 Diluent 20L Mindray | G17: 1 | H17: box | I17: 1681000 | J17: =SUM(G17*I17) -> 1681000 | K17: 0.3 | L17: =SUM(J17*K17) -> 504300 | M17: =SUM(J17-L17) -> 1176700 | R17: PT TRIPATRIA ANDALAN MEDIKA | S17: 658000 | T17: =SUM(G17*S17) -> 658000 | U17: 0 | V17: =SUM(T17*U17) -> 0 | W17: =SUM(T17-V17) -> 658000 | X17: =SUM(W17) -> 658000 | Y17: 0.11 | Z17: =SUM(X17+(X17*Y17)) -> 730380
F18: Creatinine 72 ml Mindray | G18: 1 | H18: kit | I18: 3328000 | J18: =SUM(G18*I18) -> 3328000 | K18: 0.3 | L18: =SUM(J18*K18) -> 998400 | M18: =SUM(J18-L18) -> 2329600 | R18: PT TRIPATRIA ANDALAN MEDIKA | S18: 500500 | T18: =SUM(G18*S18) -> 500500 | U18: 0 | V18: =SUM(T18*U18) -> 0 | W18: =SUM(T18-V18) -> 500500 | X18: =SUM(W18) -> 500500 | Y18: 0.11 | Z18: =SUM(X18+(X18*Y18)) -> 555555
M20: =SUM(M11+M15+M16+M18) -> 9199400
A21: FEBRUARI 2025
A22: No. | B22: Faktur | D22: Sales | E22: Nama Pelanggan | F22: Produk | G22: Quantity | I22: Harga Satuan | J22: Jumlah Harga | K22: Dics. | L22: Jumlah | M22: Jumlah | N22: Total | O22: PPN 11% | P22: PPH 1,5 % | Q22: Total Tghan | R22: DISTRIBUTOR | S22: Harga Pokok | T22: Harga Pokok | U22: DISCOUNT DISTRIBUTOR | V22: JUMLAH | W22: TOTAL | X22: TOTAL PMBELIAN | Y22: PPN | Z22: TOTAL
B23: Tanggal | C23: No. Faktur | G23: jml | H23: Satuan | I23: ( Rp ) | J23: ( Rp ) | K23: ( % ) | L23: Discon ( Rp ) | M23: setelah Disc | N23: Tagihan | Q23: stlh PPN | S23: beli (Satuan) | T23: beli (Total) | U23: % | V23: DISC | W23: STLH DISC | X23: SBLM PPN
A24: 1 | B24: 45700 | C24: 117420225 | E24: PT Najib Sukses Banjarmasin | F24: HDL Cholesterol 54 ml Mindray | G24: 2 | H24: kit | I24: 3609000 | J24: =SUM(G24*I24) -> 7218000 | K24: 0.3 | L24: =SUM(J24*K24) -> 2165400 | M24: =SUM(J24-L24) -> 5052600 | N24: =SUM(M24:M33) -> 22079400 | O24: =SUM(N24*11%) -> 2428734 | Q24: =SUM(N24+O24) -> 24508134 | R24: PT TRIPATRIA ANDALAN MEDIKA | S24: 1561285 | T24: =SUM(G24*S24) -> 3122570 | U24: 0 | V24: =SUM(T24*U24) -> 0 | W24: =SUM(T24-V24) -> 3122570 | X24: =SUM(W24) -> 3122570 | Y24: 0.11 | Z24: =SUM(X24+(X24*Y24)) -> 3466052.7
F25: Glucose 200ml Mindray | G25: 1 | H25: kit | I25: 489000 | J25: =SUM(G25*I25) -> 489000 | K25: 0.3 | L25: =SUM(J25*K25) -> 146700 | M25: =SUM(J25-L25) -> 342300 | R25: PT TRIPATRIA ANDALAN MEDIKA | S25: 384100 | T25: 211255 | U25: 0 | V25: =SUM(T25*U25) -> 0 | W25: =SUM(T25-V25) -> 211255 | X25: =SUM(W25) -> 211255 | Y25: 0.11 | Z25: =SUM(X25+(X25*Y25)) -> 234493.05
F26: Clinchem Multicontrol Level 1 5 ml Mindray | G26: 5 | H26: vial | I26: 2273000 | J26: =SUM(G26*I26) -> 11365000 | K26: 0.3 | L26: =SUM(J26*K26) -> 3409500 | M26: =SUM(J26-L26) -> 7955500 | R26: PT TRIPATRIA ANDALAN MEDIKA | S26: 946000 | T26: =SUM(G26*S26) -> 4730000 | U26: 0.45 | V26: =SUM(T26*U26) -> 2128500 | W26: =SUM(T26-V26) -> 2601500 | X26: =SUM(W26) -> 2601500 | Y26: 0.11 | Z26: =SUM(X26+(X26*Y26)) -> 2887665
F27: Albumin Kit ALB 160 ml Mindray | G27: 2 | H27: kit | I27: 627000 | J27: =SUM(G27*I27) -> 1254000 | K27: 0.3 | L27: =SUM(J27*K27) -> 376200 | M27: =SUM(J27-L27) -> 877800 | R27: PT TRIPATRIA ANDALAN MEDIKA | S27: 492600 | T27: =SUM(G27*S27) -> 985200 | U27: 0.45 | V27: =SUM(T27*U27) -> 443340 | W27: =SUM(T27-V27) -> 541860 | X27: =SUM(W27) -> 541860 | Y27: 0.11 | Z27: =SUM(X27+(X27*Y27)) -> 601464.6
F28: Triglycerides 160ml Mindray | G28: 1 | H28: kit | I28: 1667000 | J28: =SUM(G28*I28) -> 1667000 | K28: 0.3 | L28: =SUM(J28*K28) -> 500100 | M28: =SUM(J28-L28) -> 1166900 | R28: PT TRIPATRIA ANDALAN MEDIKA | S28: 720940 | T28: =SUM(G28*S28) -> 720940 | U28: 0 | V28: =SUM(T28*U28) -> 0 | W28: =SUM(T28-V28) -> 720940 | X28: =SUM(W28) -> 720940 | Y28: 0.11 | Z28: =SUM(X28+(X28*Y28)) -> 800243.4
F29: Total Cholesterol 160ml Mindray | G29: 1 | H29: kit | I29: 929000 | J29: =SUM(G29*I29) -> 929000 | K29: 0.3 | L29: =SUM(J29*K29) -> 278700 | M29: =SUM(J29-L29) -> 650300 | R29: PT TRIPATRIA ANDALAN MEDIKA | S29: 401830 | T29: =SUM(G29*S29) -> 401830 | U29: 0 | V29: =SUM(T29*U29) -> 0 | W29: =SUM(T29-V29) -> 401830 | X29: =SUM(W29) -> 401830 | Y29: 0.11 | Z29: =SUM(X29+(X29*Y29)) -> 446031.3
F30: Creatinine 72 ml Mindray | G30: 2 | H30: kit | I30: 3328000 | J30: =SUM(G30*I30) -> 6656000 | K30: 0.3 | L30: =SUM(J30*K30) -> 1996800 | M30: =SUM(J30-L30) -> 4659200 | R30: PT TRIPATRIA ANDALAN MEDIKA | S30: 500500 | T30: =SUM(G30*S30) -> 1001000 | U30: 0 | V30: =SUM(T30*U30) -> 0 | W30: =SUM(T30-V30) -> 1001000 | X30: =SUM(W30) -> 1001000 | Y30: 0.11 | Z30: =SUM(X30+(X30*Y30)) -> 1111110
F31: Total Protein 160ml Mindray | G31: 1 | H31: kit | I31: 414000 | J31: =SUM(G31*I31) -> 414000 | K31: 0.3 | L31: =SUM(J31*K31) -> 124200 | M31: =SUM(J31-L31) -> 289800 | R31: PT TRIPATRIA ANDALAN MEDIKA | S31: 325600 | T31: =SUM(G31*S31) -> 325600 | U31: 0.45 | V31: =SUM(T31*U31) -> 146520 | W31: =SUM(T31-V31) -> 179080 | X31: =SUM(W31) -> 179080 | Y31: 0.11 | Z31: =SUM(X31+(X31*Y31)) -> 198778.8
F32: Urea Kit 176 ml Mindray | G32: 1 | H32: kit | I32: 621000 | J32: =SUM(G32*I32) -> 621000 | K32: 0.3 | L32: =SUM(J32*K32) -> 186300 | M32: =SUM(J32-L32) -> 434700 | R32: PT TRIPATRIA ANDALAN MEDIKA | S32: 268620 | T32: =SUM(G32*S32) -> 268620 | U32: 0 | V32: =SUM(T32*U32) -> 0 | W32: =SUM(T32-V32) -> 268620 | X32: =SUM(W32) -> 268620 | Y32: 0.11 | Z32: =SUM(X32+(X32*Y32)) -> 298168.2
F33: Uric Acid 200ml Mindray | G33: 1 | H33: kit | I33: 929000 | J33: =SUM(G33*I33) -> 929000 | K33: 0.3 | L33: =SUM(J33*K33) -> 278700 | M33: =SUM(J33-L33) -> 650300 | R33: PT TRIPATRIA ANDALAN MEDIKA | S33: 804000 | T33: =SUM(G33*S33) -> 804000 | U33: 0.45 | V33: =SUM(T33*U33) -> 361800 | W33: =SUM(T33-V33) -> 442200 | X33: =SUM(W33) -> 442200 | Y33: 0.11 | Z33: =SUM(X33+(X33*Y33)) -> 490842
A34: 2 | B34: 45700 | C34: 117430225 | E34: PT Najib Sukses Banjarmasin | F34: M52 LH Lyse 100 ml Mindray | G34: 4 | H34: botol | I34: 1815000 | J34: =SUM(G34*I34) -> 7260000 | K34: 0.3 | L34: =SUM(J34*K34) -> 2178000 | M34: =SUM(J34-L34) -> 5082000 | N34: =SUM(M34:M37) -> 19036500 | O34: =SUM(N34*11%) -> 2094015 | Q34: =SUM(N34+O34) -> 21130515 | R34: PT TRIPATRIA ANDALAN MEDIKA | S34: 658000 | T34: =SUM(G34*S34) -> 2632000 | U34: 0 | V34: =SUM(T34*U34) -> 0 | W34: =SUM(T34-V34) -> 2632000 | X34: =SUM(W34) -> 2632000 | Y34: 0.11 | Z34: =SUM(X34+(X34*Y34)) -> 2921520
F35: M52 Diff Lyse 500 ml Mindray | G35: 4 | H35: botol | I35: 2891000 | J35: =SUM(G35*I35) -> 11564000 | K35: 0.3 | L35: =SUM(J35*K35) -> 3469200 | M35: =SUM(J35-L35) -> 8094800 | R35: PT TRIPATRIA ANDALAN MEDIKA | S35: 1462000 | T35: =SUM(G35*S35) -> 5848000 | U35: 0 | V35: =SUM(T35*U35) -> 0 | W35: =SUM(T35-V35) -> 5848000 | X35: =SUM(W35) -> 5848000 | Y35: 0.11 | Z35: =SUM(X35+(X35*Y35)) -> 6491280
F36: M52 Diluent 20L Mindray | G36: 3 | H36: box | I36: 1681000 | J36: =SUM(G36*I36) -> 5043000 | K36: 0.3 | L36: =SUM(J36*K36) -> 1512900 | M36: =SUM(J36-L36) -> 3530100 | R36: PT TRIPATRIA ANDALAN MEDIKA | S36: 658000 | T36: =SUM(G36*S36) -> 1974000 | U36: 0 | V36: =SUM(T36*U36) -> 0 | W36: =SUM(T36-V36) -> 1974000 | X36: =SUM(W36) -> 1974000 | Y36: 0.11 | Z36: =SUM(X36+(X36*Y36)) -> 2191140
F37: Creatinine 72 ml Mindray | G37: 1 | H37: kit | I37: 3328000 | J37: =SUM(G37*I37) -> 3328000 | K37: 0.3 | L37: =SUM(J37*K37) -> 998400 | M37: =SUM(J37-L37) -> 2329600 | R37: PT TRIPATRIA ANDALAN MEDIKA | S37: 500500 | T37: =SUM(G37*S37) -> 500500 | U37: 0 | V37: =SUM(T37*U37) -> 0 | W37: =SUM(T37-V37) -> 500500 | X37: =SUM(W37) -> 500500 | Y37: 0.11 | Z37: =SUM(X37+(X37*Y37)) -> 555555
M39: =SUM(M24+M25+M26+M27+M28+M29+M30+M31+M32+M33+M37) -> 24409000
A40: FEBRUARI 2025
A41: No. | B41: Faktur | D41: Sales | E41: Nama Pelanggan | F41: Produk | G41: Quantity | I41: Harga Satuan | J41: Jumlah Harga | K41: Dics. | L41: Jumlah | M41: Jumlah | N41: Total | O41: PPN 11% | P41: PPH 1,5 % | Q41: Total Tghan | R41: DISTRIBUTOR | S41: Harga Pokok | T41: Harga Pokok | U41: DISCOUNT DISTRIBUTOR | V41: JUMLAH | W41: TOTAL | X41: TOTAL PMBELIAN | Y41: PPN | Z41: TOTAL
B42: Tanggal | C42: No. Faktur | G42: jml | H42: Satuan | I42: ( Rp ) | J42: ( Rp ) | K42: ( % ) | L42: Discon ( Rp ) | M42: setelah Disc | N42: Tagihan | Q42: stlh PPN | S42: beli (Satuan) | T42: beli (Total) | U42: % | V42: DISC | W42: STLH DISC | X42: SBLM PPN
A43: 1 | B43: 45729 | C43: 117810325 | E43: PT Najib Sukses Banjarmasin | F43: M52 Diluent 20L Mindray | G43: 3 | H43: box | I43: 1681000 | J43: =SUM(G43*I43) -> 5043000 | K43: 0.3 | L43: =SUM(J43*K43) -> 1512900 | M43: =SUM(J43-L43) -> 3530100 | N43: =SUM(M43:M47) -> 10024700 | O43: =SUM(N43*11%) -> 1102717 | Q43: =SUM(N43+O43) -> 11127417 | R43: PT TRIPATRIA ANDALAN MEDIKA | S43: 658000 | T43: =SUM(G43*S43) -> 1974000 | U43: 0 | V43: =SUM(T43*U43) -> 0 | W43: =SUM(T43-V43) -> 1974000 | X43: =SUM(W43) -> 1974000 | Y43: 0.11 | Z43: =SUM(X43+(X43*Y43)) -> 2191140
F44: BC-5D Hematology Control Mindray | G44: 1 | H44: vial | I44: 1412000 | J44: =SUM(G44*I44) -> 1412000 | K44: 0.3 | L44: =SUM(J44*K44) -> 423600 | M44: =SUM(J44-L44) -> 988400 | R44: PT TRIPATRIA ANDALAN MEDIKA | S44: 557900 | T44: =SUM(G44*S44) -> 557900 | U44: 0 | V44: =SUM(T44*U44) -> 0 | W44: =SUM(T44-V44) -> 557900 | X44: =SUM(W44) -> 557900 | Y44: 0.11 | Z44: =SUM(X44+(X44*Y44)) -> 619269
F45: HDL Cholesterol 54 ml Mindray | G45: 1 | H45: kit | I45: 3609000 | J45: =SUM(G45*I45) -> 3609000 | K45: 0.3 | L45: =SUM(J45*K45) -> 1082700 | M45: =SUM(J45-L45) -> 2526300 | R45: PT TRIPATRIA ANDALAN MEDIKA | S45: 1561285 | T45: =SUM(G45*S45) -> 1561285 | U45: 0 | V45: =SUM(T45*U45) -> 0 | W45: =SUM(T45-V45) -> 1561285 | X45: =SUM(W45) -> 1561285 | Y45: 0.11 | Z45: =SUM(X45+(X45*Y45)) -> 1733026.4
F46: Total Cholesterol 160ml Mindray | G46: 1 | H46: kit | I46: 929000 | J46: =SUM(G46*I46) -> 929000 | K46: 0.3 | L46: =SUM(J46*K46) -> 278700 | M46: =SUM(J46-L46) -> 650300 | R46: PT TRIPATRIA ANDALAN MEDIKA | S46: 401830 | T46: =SUM(G46*S46) -> 401830 | U46: 0 | V46: =SUM(T46*U46) -> 0 | W46: =SUM(T46-V46) -> 401830 | X46: =SUM(W46) -> 401830 | Y46: 0.11 | Z46: =SUM(X46+(X46*Y46)) -> 446031.3
F47: Creatinine 72 ml Mindray | G47: 1 | H47: kit | I47: 3328000 | J47: =SUM(G47*I47) -> 3328000 | K47: 0.3 | L47: =SUM(J47*K47) -> 998400 | M47: =SUM(J47-L47) -> 2329600 | R47: PT TRIPATRIA ANDALAN MEDIKA | S47: 500500 | T47: =SUM(G47*S47) -> 500500 | U47: 0 | V47: =SUM(T47*U47) -> 0 | W47: =SUM(T47-V47) -> 500500 | X47: =SUM(W47) -> 500500 | Y47: 0.11 | Z47: =SUM(X47+(X47*Y47)) -> 555555
A48: 2 | B48: 45729 | C48: 117820325 | E48: PT Najib Sukses Banjarmasin | F48: Clinchem Multicontrol Level 1 5 ml Mindray | G48: 2 | H48: vial | I48: 2273000 | J48: =SUM(G48*I48) -> 4546000 | K48: 0.3 | L48: =SUM(J48*K48) -> 1363800 | M48: =SUM(J48-L48) -> 3182200 | N48: =SUM(M48) -> 3182200 | O48: =SUM(N48*11%) -> 350042 | Q48: =SUM(N48+O48) -> 3532242 | R48: PT TRIPATRIA ANDALAN MEDIKA | S48: 946000 | T48: =SUM(G48*S48) -> 1892000 | U48: 0.45 | V48: =SUM(T48*U48) -> 851400 | W48: =SUM(T48-V48) -> 1040600 | X48: =SUM(W48) -> 1040600 | Y48: 0.11 | Z48: =SUM(X48+(X48*Y48)) -> 1155066
A49: 3 | B49: 45729 | C49: 117820325 | E49: PT Najib Sukses Banjarmasin | F49: Water sensor Cap Assembly Tank BS-120 | G49: 1 | H49: unit | I49: 6800000 | J49: =SUM(G49*I49) -> 6800000 | K49: 0 | L49: =SUM(J49*K49) -> 0 | M49: =SUM(J49-L49) -> 6800000 | N49: =SUM(M49) -> 6800000 | O49: =SUM(N49*11%) -> 748000 | Q49: =SUM(N49+O49) -> 7548000 | R49: PT SMS | S49: 2000000 | T49: =SUM(G49*S49) -> 2000000 | U49: 0 | V49: =SUM(T49*U49) -> 0 | W49: =SUM(T49-V49) -> 2000000 | X49: =SUM(W49) -> 2000000 | Y49: 0.11 | Z49: =SUM(X49+(X49*Y49)) -> 2220000
M51: =SUM(M45+M46+M47+M48) -> 8688400
A52: APRIL 2025
A53: No. | B53: Faktur | D53: Sales | E53: Nama Pelanggan | F53: Produk | G53: Quantity | I53: Harga Satuan | J53: Jumlah Harga | K53: Dics. | L53: Jumlah | M53: Jumlah | N53: Total | O53: PPN 11% | P53: PPH 1,5 % | Q53: Total Tghan | R53: DISTRIBUTOR | S53: Harga Pokok | T53: Harga Pokok | U53: DISCOUNT DISTRIBUTOR | V53: JUMLAH | W53: TOTAL | X53: TOTAL PMBELIAN | Y53: PPN | Z53: TOTAL
B54: Tanggal | C54: No. Faktur | G54: jml | H54: Satuan | I54: ( Rp ) | J54: ( Rp ) | K54: ( % ) | L54: Discon ( Rp ) | M54: setelah Disc | N54: Tagihan | Q54: stlh PPN | S54: beli (Satuan) | T54: beli (Total) | U54: % | V54: DISC | W54: STLH DISC | X54: SBLM PPN
A55: 1 | B55: 45765 | C55: 118080425 | E55: PT Najib Sukses Banjarmasin | F55: HDL Cholesterol 54 ml Mindray | G55: 1 | H55: kit | I55: 3609000 | J55: =SUM(G55*I55) -> 3609000 | K55: 0.3 | L55: =SUM(J55*K55) -> 1082700 | M55: =SUM(J55-L55) -> 2526300 | N55: =SUM(M55:M63) -> 19932500 | O55: =SUM(N55*11%) -> 2192575 | Q55: =SUM(N55+O55) -> 22125075 | R55: PT TRIPATRIA ANDALAN MEDIKA | S55: 1561285 | T55: =SUM(G55*S55) -> 1561285 | U55: 0 | V55: =SUM(T55*U55) -> 0 | W55: =SUM(T55-V55) -> 1561285 | X55: =SUM(W55) -> 1561285 | Y55: 0.11 | Z55: =SUM(X55+(X55*Y55)) -> 1733026.4
F56: M52 LH Lyse 100 ml Mindray | G56: 1 | H56: botol | I56: 1815000 | J56: =SUM(G56*I56) -> 1815000 | K56: 0.3 | L56: =SUM(J56*K56) -> 544500 | M56: =SUM(J56-L56) -> 1270500 | R56: PT TRIPATRIA ANDALAN MEDIKA | S56: 658000 | T56: =SUM(G56*S56) -> 658000 | U56: 0 | V56: =SUM(T56*U56) -> 0 | W56: =SUM(T56-V56) -> 658000 | X56: =SUM(W56) -> 658000 | Y56: 0.11 | Z56: =SUM(X56+(X56*Y56)) -> 730380
F57: M52 Diff Lyse 500 ml Mindray | G57: 4 | H57: botol | I57: 2891000 | J57: =SUM(G57*I57) -> 11564000 | K57: 0.3 | L57: =SUM(J57*K57) -> 3469200 | M57: =SUM(J57-L57) -> 8094800 | R57: PT TRIPATRIA ANDALAN MEDIKA | S57: 1462000 | T57: =SUM(G57*S57) -> 5848000 | U57: 0 | V57: =SUM(T57*U57) -> 0 | W57: =SUM(T57-V57) -> 5848000 | X57: =SUM(W57) -> 5848000 | Y57: 0.11 | Z57: =SUM(X57+(X57*Y57)) -> 6491280
F58: Triglycerides 160ml Mindray | G58: 1 | H58: kit | I58: 1667000 | J58: =SUM(G58*I58) -> 1667000 | K58: 0.3 | L58: =SUM(J58*K58) -> 500100 | M58: =SUM(J58-L58) -> 1166900 | R58: PT TRIPATRIA ANDALAN MEDIKA | S58: 720940 | T58: =SUM(G58*S58) -> 720940 | U58: 0 | V58: =SUM(T58*U58) -> 0 | W58: =SUM(T58-V58) -> 720940 | X58: =SUM(W58) -> 720940 | Y58: 0.11 | Z58: =SUM(X58+(X58*Y58)) -> 800243.4
F59: M52 Diluent 20L Mindray | G59: 3 | H59: box | I59: 1681000 | J59: =SUM(G59*I59) -> 5043000 | K59: 0.3 | L59: =SUM(J59*K59) -> 1512900 | M59: =SUM(J59-L59) -> 3530100 | R59: PT TRIPATRIA ANDALAN MEDIKA | S59: 658000 | T59: =SUM(G59*S59) -> 1974000 | U59: 0 | V59: =SUM(T59*U59) -> 0 | W59: =SUM(T59-V59) -> 1974000 | X59: =SUM(W59) -> 1974000 | Y59: 0.11 | Z59: =SUM(X59+(X59*Y59)) -> 2191140
F60: Glucose 200ml Mindray | G60: 1 | H60: kit | I60: 489000 | J60: =SUM(G60*I60) -> 489000 | K60: 0.3 | L60: =SUM(J60*K60) -> 146700 | M60: =SUM(J60-L60) -> 342300 | R60: PT TRIPATRIA ANDALAN MEDIKA | S60: 384100 | T60: 211255 | U60: 0 | V60: =SUM(T60*U60) -> 0 | W60: =SUM(T60-V60) -> 211255 | X60: =SUM(W60) -> 211255 | Y60: 0.11 | Z60: =SUM(X60+(X60*Y60)) -> 234493.05
F61: Probe Cleanser 50 ml Mindray | G61: 2 | H61: botol | I61: 697000 | J61: =SUM(G61*I61) -> 1394000 | K61: 0.3 | L61: =SUM(J61*K61) -> 418200 | M61: =SUM(J61-L61) -> 975800 | R61: PT TRIPATRIA ANDALAN MEDIKA | S61: 150000 | T61: =SUM(G61*S61) -> 300000 | U61: 0 | V61: =SUM(T61*U61) -> 0 | W61: =SUM(T61-V61) -> 300000 | X61: =SUM(W61) -> 300000 | Y61: 0.11 | Z61: =SUM(X61+(X61*Y61)) -> 333000
F62: Urea Kit 176 ml Mindray | G62: 1 | H62: kit | I62: 621000 | J62: =SUM(G62*I62) -> 621000 | K62: 0.3 | L62: =SUM(J62*K62) -> 186300 | M62: =SUM(J62-L62) -> 434700 | R62: PT TRIPATRIA ANDALAN MEDIKA | S62: 268620 | T62: =SUM(G62*S62) -> 268620 | U62: 0 | V62: =SUM(T62*U62) -> 0 | W62: =SUM(T62-V62) -> 268620 | X62: =SUM(W62) -> 268620 | Y62: 0.11 | Z62: =SUM(X62+(X62*Y62)) -> 298168.2
F63: Clinchem Multicontrol Level 1 5 ml Mindray | G63: 1 | H63: vial | I63: 2273000 | J63: =SUM(G63*I63) -> 2273000 | K63: 0.3 | L63: =SUM(J63*K63) -> 681900 | M63: =SUM(J63-L63) -> 1591100 | R63: PT TRIPATRIA ANDALAN MEDIKA | S63: 946000 | T63: =SUM(G63*S63) -> 946000 | U63: 0.45 | V63: =SUM(T63*U63) -> 425700 | W63: =SUM(T63-V63) -> 520300 | X63: =SUM(W63) -> 520300 | Y63: 0.11 | Z63: =SUM(X63+(X63*Y63)) -> 577533
A64: 2 | B64: 45765 | C64: 118100425 | E64: PT Najib Sukses Banjarmasin | F64: Halogen Lamp BS-230 dengan kabel Mindray | G64: 1 | H64: unit | I64: 7381000 | J64: =SUM(G64*I64) -> 7381000 | K64: 0.3 | L64: =SUM(J64*K64) -> 2214300 | M64: =SUM(J64-L64) -> 5166700 | N64: =SUM(M64:M66) -> 13751500 | O64: =SUM(N64*11%) -> 1512665 | Q64: =SUM(N64+O64) -> 15264165 | R64: PT TRIPATRIA ANDALAN MEDIKA | S64: 2900000 | T64: =SUM(G64*S64) -> 2900000 | U64: 0 | V64: =SUM(T64*U64) -> 0 | W64: =SUM(T64-V64) -> 2900000 | X64: =SUM(W64) -> 2900000 | Y64: 0.11 | Z64: =SUM(X64+(X64*Y64)) -> 3219000
F65: M52 LH Lyse 100 ml Mindray | G65: 3 | H65: botol | I65: 1815000 | J65: =SUM(G65*I65) -> 5445000 | K65: 0.3 | L65: =SUM(J65*K65) -> 1633500 | M65: =SUM(J65-L65) -> 3811500 | R65: PT TRIPATRIA ANDALAN MEDIKA | S65: 658000 | T65: =SUM(G65*S65) -> 1974000 | U65: 0 | V65: =SUM(T65*U65) -> 0 | W65: =SUM(T65-V65) -> 1974000 | X65: =SUM(W65) -> 1974000 | Y65: 0.11 | Z65: =SUM(X65+(X65*Y65)) -> 2191140
F66: Clinchem Multicontrol Level 1 5 ml Mindray | G66: 3 | H66: vial | I66: 2273000 | J66: =SUM(G66*I66) -> 6819000 | K66: 0.3 | L66: =SUM(J66*K66) -> 2045700 | M66: =SUM(J66-L66) -> 4773300 | R66: PT TRIPATRIA ANDALAN MEDIKA | S66: 946000 | T66: =SUM(G66*S66) -> 2838000 | U66: 0.45 | V66: =SUM(T66*U66) -> 1277100 | W66: =SUM(T66-V66) -> 1560900 | X66: =SUM(W66) -> 1560900 | Y66: 0.11 | Z66: =SUM(X66+(X66*Y66)) -> 1732599
M68: =SUM(M55+M58+M60+M62+M63+M66) -> 10834600
A69: MEI 2025
A70: No. | B70: Faktur | D70: Sales | E70: Nama Pelanggan | F70: Produk | G70: Quantity | I70: Harga Satuan | J70: Jumlah Harga | K70: Dics. | L70: Jumlah | M70: Jumlah | N70: Total | O70: PPN 11% | P70: PPH 1,5 % | Q70: Total Tghan | R70: DISTRIBUTOR | S70: Harga Pokok | T70: Harga Pokok | U70: DISCOUNT DISTRIBUTOR | V70: JUMLAH | W70: TOTAL | X70: TOTAL PMBELIAN | Y70: PPN | Z70: TOTAL
B71: Tanggal | C71: No. Faktur | G71: jml | H71: Satuan | I71: ( Rp ) | J71: ( Rp ) | K71: ( % ) | L71: Discon ( Rp ) | M71: setelah Disc | N71: Tagihan | Q71: stlh PPN | S71: beli (Satuan) | T71: beli (Total) | U71: % | V71: DISC | W71: STLH DISC | X71: SBLM PPN
A72: 1 | B72: 45786 | C72: 118270525 | D72: PT Najib Sukses Banjarmasin | F72: Halogen Lamp BS-230 dengan kabel Mindray | G72: 1 | H72: unit | I72: 7381000 | J72: =SUM(G72*I72) -> 7381000 | K72: 0.3 | L72: =SUM(J72*K72) -> 2214300 | M72: =SUM(J72-L72) -> 5166700 | N72: =SUM(M72) -> 5166700 | O72: =SUM(N72*11%) -> 568337 | Q72: =SUM(N72+O72) -> 5735037 | R72: PT TRIPATRIA ANDALAN MEDIKA | S72: 2900000 | T72: =SUM(G72*S72) -> 2900000 | U72: 0 | V72: =SUM(T72*U72) -> 0 | W72: =SUM(T72-V72) -> 2900000 | X72: =SUM(W72) -> 2900000 | Y72: 0.11 | Z72: =SUM(X72+(X72*Y72)) -> 3219000
A74: JUNI 2025
A75: No. | B75: Faktur | D75: Sales | E75: Nama Pelanggan | F75: Produk | G75: Quantity | I75: Harga Satuan | J75: Jumlah Harga | K75: Dics. | L75: Jumlah | M75: Jumlah | N75: Total | O75: PPN 11% | P75: PPH 1,5 % | Q75: Total Tghan | R75: DISTRIBUTOR | S75: Harga Pokok | T75: Harga Pokok | U75: DISCOUNT DISTRIBUTOR | V75: JUMLAH | W75: TOTAL | X75: TOTAL PMBELIAN | Y75: PPN | Z75: TOTAL
B76: Tanggal | C76: No. Faktur | G76: jml | H76: Satuan | I76: ( Rp ) | J76: ( Rp ) | K76: ( % ) | L76: Discon ( Rp ) | M76: setelah Disc | N76: Tagihan | Q76: stlh PPN | S76: beli (Satuan) | T76: beli (Total) | U76: % | V76: DISC | W76: STLH DISC | X76: SBLM PPN
A77: 1 | B77: 45832 | C77: 118580625 | D77: PT Najib Sukses Banjarmasin | F77: Reaction Plate Motor Assembly Mindray | G77: 1 | H77: unit | I77: 7720000 | J77: =SUM(G77*I77) -> 7720000 | K77: 0 | L77: =SUM(J77*K77) -> 0 | M77: =SUM(J77-L77) -> 7720000 | N77: =SUM(M77) -> 7720000 | O77: =SUM(N77*11%) -> 849200 | Q77: =SUM(N77+O77) -> 8569200 | R77: PT SARANA MAJU SEJAHTERA | S77: 4550000 | T77: =SUM(G77*S77) -> 4550000 | U77: 0 | V77: =SUM(T77*U77) -> 0 | W77: =SUM(T77-V77) -> 4550000 | X77: =SUM(W77) -> 4550000 | Y77: 0.11 | Z77: =SUM(X77+(X77*Y77)) -> 5050500
M79: =SUM(M4+M20+M39+M51+M68) -> 53131400
A80: JULI 2025
A81: No. | B81: Faktur | D81: Sales | E81: Nama Pelanggan | F81: Produk | G81: Quantity | I81: Harga Satuan | J81: Jumlah Harga | K81: Dics. | L81: Jumlah | M81: Jumlah | N81: Total | O81: PPN 11% | P81: PPH 1,5 % | Q81: Total Tghan | R81: DISTRIBUTOR | S81: Harga Pokok | T81: Harga Pokok | U81: DISCOUNT DISTRIBUTOR | V81: JUMLAH | W81: TOTAL | X81: TOTAL PMBELIAN | Y81: PPN | Z81: TOTAL
B82: Tanggal | C82: No. Faktur | G82: jml | H82: Satuan | I82: ( Rp ) | J82: ( Rp ) | K82: ( % ) | L82: Discon ( Rp ) | M82: setelah Disc | N82: Tagihan | Q82: stlh PPN | S82: beli (Satuan) | T82: beli (Total) | U82: % | V82: DISC | W82: STLH DISC | X82: SBLM PPN
A83: 1 | B83: 45842 | C83: 118710725 | E83: PT Najib Sukses Banjarmasin | F83: M52 LH Lyse 100 ml Mindray | G83: 2 | H83: botol | I83: 1815000 | J83: =SUM(G83*I83) -> 3630000 | K83: 0.3 | L83: =SUM(J83*K83) -> 1089000 | M83: =SUM(J83-L83) -> 2541000 | N83: =SUM(M83:M88) -> 18857300 | O83: =SUM(N83*11%) -> 2074303 | Q83: =SUM(N83+O83) -> 20931603 | R83: PT TRIPATRIA ANDALAN MEDIKA | S83: 658000 | T83: =SUM(G83*S83) -> 1316000 | U83: 0 | V83: =SUM(T83*U83) -> 0 | W83: =SUM(T83-V83) -> 1316000 | X83: =SUM(W83) -> 1316000 | Y83: 0.11 | Z83: =SUM(X83+(X83*Y83)) -> 1460760
F84: M52 Diff Lyse 500 ml Mindray | G84: 4 | H84: botol | I84: 2891000 | J84: =SUM(G84*I84) -> 11564000 | K84: 0.3 | L84: =SUM(J84*K84) -> 3469200 | M84: =SUM(J84-L84) -> 8094800 | R84: PT TRIPATRIA ANDALAN MEDIKA | S84: 1462000 | T84: =SUM(G84*S84) -> 5848000 | U84: 0 | V84: =SUM(T84*U84) -> 0 | W84: =SUM(T84-V84) -> 5848000 | X84: =SUM(W84) -> 5848000 | Y84: 0.11 | Z84: =SUM(X84+(X84*Y84)) -> 6491280
F85: Triglycerides 160ml Mindray | G85: 1 | H85: kit | I85: 1667000 | J85: =SUM(G85*I85) -> 1667000 | K85: 0.3 | L85: =SUM(J85*K85) -> 500100 | M85: =SUM(J85-L85) -> 1166900 | R85: PT TRIPATRIA ANDALAN MEDIKA | S85: 720940 | T85: =SUM(G85*S85) -> 720940 | U85: 0 | V85: =SUM(T85*U85) -> 0 | W85: =SUM(T85-V85) -> 720940 | X85: =SUM(W85) -> 720940 | Y85: 0.11 | Z85: =SUM(X85+(X85*Y85)) -> 800243.4
F86: M52 Diluent 20L Mindray | G86: 3 | H86: box | I86: 1681000 | J86: =SUM(G86*I86) -> 5043000 | K86: 0.3 | L86: =SUM(J86*K86) -> 1512900 | M86: =SUM(J86-L86) -> 3530100 | R86: PT TRIPATRIA ANDALAN MEDIKA | S86: 658000 | T86: =SUM(G86*S86) -> 1974000 | U86: 0 | V86: =SUM(T86*U86) -> 0 | W86: =SUM(T86-V86) -> 1974000 | X86: =SUM(W86) -> 1974000 | Y86: 0.11 | Z86: =SUM(X86+(X86*Y86)) -> 2191140
F87: Glucose 200ml Mindray | G87: 1 | H87: kit | I87: 489000 | J87: =SUM(G87*I87) -> 489000 | K87: 0.3 | L87: =SUM(J87*K87) -> 146700 | M87: =SUM(J87-L87) -> 342300 | R87: PT TRIPATRIA ANDALAN MEDIKA | S87: 384100 | T87: 211255 | U87: 0 | V87: =SUM(T87*U87) -> 0 | W87: =SUM(T87-V87) -> 211255 | X87: =SUM(W87) -> 211255 | Y87: 0.11 | Z87: =SUM(X87+(X87*Y87)) -> 234493.05
F88: Clinchem Multicontrol Level 1 5 ml Mindray | G88: 2 | H88: vial | I88: 2273000 | J88: =SUM(G88*I88) -> 4546000 | K88: 0.3 | L88: =SUM(J88*K88) -> 1363800 | M88: =SUM(J88-L88) -> 3182200 | R88: PT TRIPATRIA ANDALAN MEDIKA | S88: 946000 | T88: =SUM(G88*S88) -> 1892000 | U88: 0.45 | V88: =SUM(T88*U88) -> 851400 | W88: =SUM(T88-V88) -> 1040600 | X88: =SUM(W88) -> 1040600 | Y88: 0.11 | Z88: =SUM(X88+(X88*Y88)) -> 1155066
A89: 2 | B89: 45842 | C89: 118720725 | E89: PT Najib Sukses Banjarmasin | F89: Glucose 200ml Mindray | G89: 1 | H89: kit | I89: 489000 | J89: =SUM(G89*I89) -> 489000 | K89: 0.3 | L89: =SUM(J89*K89) -> 146700 | M89: =SUM(J89-L89) -> 342300 | N89: =SUM(M89:M97) -> 14266700 | O89: =SUM(N89*11%) -> 1569337 | Q89: =SUM(N89+O89) -> 15836037 | R89: PT TRIPATRIA ANDALAN MEDIKA | S89: 384100 | T89: 211255 | U89: 0 | V89: =SUM(T89*U89) -> 0 | W89: =SUM(T89-V89) -> 211255 | X89: =SUM(W89) -> 211255 | Y89: 0.11 | Z89: =SUM(X89+(X89*Y89)) -> 234493.05
F90: Bilirubin Total 176 ml Mindray | G90: 1 | H90: kit | I90: 2420000 | J90: =SUM(G90*I90) -> 2420000 | K90: 0.3 | L90: =SUM(J90*K90) -> 726000 | M90: =SUM(J90-L90) -> 1694000 | R90: PT TRIPATRIA ANDALAN MEDIKA | S90: 1406980 | T90: =SUM(G90*S90) -> 1406980 | U90: 0 | V90: =SUM(T90*U90) -> 0 | W90: =SUM(T90-V90) -> 1406980 | X90: =SUM(W90) -> 1406980 | Y90: 0.11 | Z90: =SUM(X90+(X90*Y90)) -> 1561747.8
F91: Bilirubin Direct 176 ml Mindray | G91: 1 | H91: kit | I91: 2420000 | J91: =SUM(G91*I91) -> 2420000 | K91: 0.3 | L91: =SUM(J91*K91) -> 726000 | M91: =SUM(J91-L91) -> 1694000 | R91: PT TRIPATRIA ANDALAN MEDIKA | S91: 1406980 | T91: =SUM(G91*S91) -> 1406980 | U91: 0 | V91: =SUM(T91*U91) -> 0 | W91: =SUM(T91-V91) -> 1406980 | X91: =SUM(W91) -> 1406980 | Y91: 0.11 | Z91: =SUM(X91+(X91*Y91)) -> 1561747.8
F92: Uric Acid 200ml Mindray | G92: 1 | H92: kit | I92: 929000 | J92: =SUM(G92*I92) -> 929000 | K92: 0.3 | L92: =SUM(J92*K92) -> 278700 | M92: =SUM(J92-L92) -> 650300 | R92: PT TRIPATRIA ANDALAN MEDIKA | S92: 804000 | T92: =SUM(G92*S92) -> 804000 | U92: 0.45 | V92: =SUM(T92*U92) -> 361800 | W92: =SUM(T92-V92) -> 442200 | X92: =SUM(W92) -> 442200 | Y92: 0.11 | Z92: =SUM(X92+(X92*Y92)) -> 490842
F93: Creatinine 72 ml Mindray | G93: 2 | H93: kit | I93: 3328000 | J93: =SUM(G93*I93) -> 6656000 | K93: 0.3 | L93: =SUM(J93*K93) -> 1996800 | M93: =SUM(J93-L93) -> 4659200 | R93: PT TRIPATRIA ANDALAN MEDIKA | S93: 500500 | T93: =SUM(G93*S93) -> 1001000 | U93: 0 | V93: =SUM(T93*U93) -> 0 | W93: =SUM(T93-V93) -> 1001000 | X93: =SUM(W93) -> 1001000 | Y93: 0.11 | Z93: =SUM(X93+(X93*Y93)) -> 1111110
F94: Gamma GT 176 ml Mindray | G94: 1 | H94: kit | I94: 2689000 | J94: =SUM(G94*I94) -> 2689000 | K94: 0.3 | L94: =SUM(J94*K94) -> 806700 | M94: =SUM(J94-L94) -> 1882300 | Q94: =SUM(N94+O94) -> 0 | R94: PT TRIPATRIA ANDALAN MEDIKA | S94: 1141140 | T94: =SUM(G94*S94) -> 1141140 | U94: 0 | V94: =SUM(T94*U94) -> 0 | W94: =SUM(T94-V94) -> 1141140 | X94: =SUM(W94) -> 1141140 | Y94: 0.11 | Z94: =SUM(X94+(X94*Y94)) -> 1266665.4
F95: Total Protein 160ml Mindray | G95: 1 | H95: kit | I95: 414000 | J95: =SUM(G95*I95) -> 414000 | K95: 0.3 | L95: =SUM(J95*K95) -> 124200 | M95: =SUM(J95-L95) -> 289800 | R95: PT TRIPATRIA ANDALAN MEDIKA | S95: 325600 | T95: =SUM(G95*S95) -> 325600 | U95: 0.45 | V95: =SUM(T95*U95) -> 146520 | W95: =SUM(T95-V95) -> 179080 | X95: =SUM(W95) -> 179080 | Y95: 0.11 | Z95: =SUM(X95+(X95*Y95)) -> 198778.8
F96: Clinchem Multicontrol Level 1 5 ml Mindray | G96: 1 | H96: vial | I96: 2273000 | J96: =SUM(G96*I96) -> 2273000 | K96: 0.3 | L96: =SUM(J96*K96) -> 681900 | M96: =SUM(J96-L96) -> 1591100 | R96: PT TRIPATRIA ANDALAN MEDIKA | S96: 946000 | T96: =SUM(G96*S96) -> 946000 | U96: 0.45 | V96: =SUM(T96*U96) -> 425700 | W96: =SUM(T96-V96) -> 520300 | X96: =SUM(W96) -> 520300 | Y96: 0.11 | Z96: =SUM(X96+(X96*Y96)) -> 577533
F97: Probe Cleanser 50 ml Mindray | G97: 3 | H97: botol | I97: 697000 | J97: =SUM(G97*I97) -> 2091000 | K97: 0.3 | L97: =SUM(J97*K97) -> 627300 | M97: =SUM(J97-L97) -> 1463700 | R97: PT TRIPATRIA ANDALAN MEDIKA | S97: 150000 | T97: =SUM(G97*S97) -> 450000 | U97: 0 | V97: =SUM(T97*U97) -> 0 | W97: =SUM(T97-V97) -> 450000 | X97: =SUM(W97) -> 450000 | Y97: 0.11 | Z97: =SUM(X97+(X97*Y97)) -> 499500
A100: SEPTEMBER 2025
A101: No. | B101: Faktur | D101: Sales | E101: Nama Pelanggan | F101: Produk | G101: Quantity | I101: Harga Satuan | J101: Jumlah Harga | K101: Dics. | L101: Jumlah | M101: Jumlah | N101: Total | O101: PPN 11% | P101: PPH 1,5 % | Q101: Total Tghan | R101: DISTRIBUTOR | S101: Harga Pokok | T101: Harga Pokok | U101: DISCOUNT DISTRIBUTOR | V101: JUMLAH | W101: TOTAL | X101: TOTAL PMBELIAN | Y101: PPN | Z101: TOTAL
B102: Tanggal | C102: No. Faktur | G102: jml | H102: Satuan | I102: ( Rp ) | J102: ( Rp ) | K102: ( % ) | L102: Discon ( Rp ) | M102: setelah Disc | N102: Tagihan | Q102: stlh PPN | S102: beli (Satuan) | T102: beli (Total) | U102: % | V102: DISC | W102: STLH DISC | X102: SBLM PPN
A103: 1 | B103: 45902 | C103: 119060925 | E103: PT Najib Sukses Banjarmasin | F103: Peltier Cooler Mindray | G103: 1 | H103: pcs | I103: 2000000 | J103: =SUM(G103*I103) -> 2000000 | K103: 0 | L103: =SUM(J103*K103) -> 0 | M103: =SUM(J103-L103) -> 2000000 | N103: =SUM(M103:M103) -> 2000000 | O103: =SUM(N103*11%) -> 220000 | Q103: =SUM(N103+O103) -> 2220000 | R103: PT TRIPATRIA ANDALAN MEDIKA | S103: 1092000 | T103: =SUM(G103*S103) -> 1092000 | U103: 0 | V103: =SUM(T103*U103) -> 0 | W103: =SUM(T103-V103) -> 1092000 | X103: =SUM(W103) -> 1092000 | Y103: 0.11 | Z103: =SUM(X103+(X103*Y103)) -> 1212120
A104: 2 | B104: 45902 | C104: 119070925 | E104: PT Najib Sukses Banjarmasin | F104: HDL Cholesterol 54 ml Mindray | G104: 1 | H104: kit | I104: 3609000 | J104: =SUM(G104*I104) -> 3609000 | K104: 0.3 | L104: =SUM(J104*K104) -> 1082700 | M104: =SUM(J104-L104) -> 2526300 | N104: =SUM(M104:M108) -> 6629000 | O104: =SUM(N104*11%) -> 729190 | Q104: =SUM(N104+O104) -> 7358190 | R104: PT TRIPATRIA ANDALAN MEDIKA | S104: 1561285 | T104: =SUM(G104*S104) -> 1561285 | U104: 0 | V104: =SUM(T104*U104) -> 0 | W104: =SUM(T104-V104) -> 1561285 | X104: =SUM(W104) -> 1561285 | Y104: 0.11 | Z104: =SUM(X104+(X104*Y104)) -> 1733026.4
F105: Uric Acid 200ml Mindray | G105: 1 | H105: kit | I105: 929000 | J105: =SUM(G105*I105) -> 929000 | K105: 0.3 | L105: =SUM(J105*K105) -> 278700 | M105: =SUM(J105-L105) -> 650300 | R105: PT TRIPATRIA ANDALAN MEDIKA | S105: 804000 | T105: =SUM(G105*S105) -> 804000 | U105: 0.45 | V105: =SUM(T105*U105) -> 361800 | W105: =SUM(T105-V105) -> 442200 | X105: =SUM(W105) -> 442200 | Y105: 0.11 | Z105: =SUM(X105+(X105*Y105)) -> 490842
F106: ALT/SGPT 176 ml Mindray | G106: 1 | H106: kit | I106: 983000 | J106: =SUM(G106*I106) -> 983000 | K106: 0.3 | L106: =SUM(J106*K106) -> 294900 | M106: =SUM(J106-L106) -> 688100 | R106: PT TRIPATRIA ANDALAN MEDIKA | S106: 850000 | T106: 424765 | U106: 0 | V106: =SUM(T106*U106) -> 0 | W106: =SUM(T106-V106) -> 424765 | X106: =SUM(W106) -> 424765 | Y106: 0.11 | Z106: =SUM(X106+(X106*Y106)) -> 471489.15
F107: Urea Kit 176 ml Mindray | G107: 1 | H107: kit | I107: 621000 | J107: =SUM(G107*I107) -> 621000 | K107: 0.3 | L107: =SUM(J107*K107) -> 186300 | M107: =SUM(J107-L107) -> 434700 | R107: PT TRIPATRIA ANDALAN MEDIKA | S107: 268620 | T107: =SUM(G107*S107) -> 268620 | U107: 0 | V107: =SUM(T107*U107) -> 0 | W107: =SUM(T107-V107) -> 268620 | X107: =SUM(W107) -> 268620 | Y107: 0.11 | Z107: =SUM(X107+(X107*Y107)) -> 298168.2
F108: Creatinine 72 ml Mindray | G108: 1 | H108: kit | I108: 3328000 | J108: =SUM(G108*I108) -> 3328000 | K108: 0.3 | L108: =SUM(J108*K108) -> 998400 | M108: =SUM(J108-L108) -> 2329600 | R108: PT TRIPATRIA ANDALAN MEDIKA | S108: 500500 | T108: =SUM(G108*S108) -> 500500 | U108: 0 | V108: =SUM(T108*U108) -> 0 | W108: =SUM(T108-V108) -> 500500 | X108: =SUM(W108) -> 500500 | Y108: 0.11 | Z108: =SUM(X108+(X108*Y108)) -> 555555

Sheet CATYA HEALTHCARE
A1: BREAKDOWN PENJUALAN PT. MITRAJAYA SELARAS ABADI
A5: 2025
A10: JUNI 2025
A11: No. | B11: Faktur | D11: Nama Pelanggan | E11: Produk | F11: Quantity | H11: Harga Satuan | I11: Jumlah Harga | J11: Dics. | K11: Jumlah | L11: Jumlah | M11: Total | N11: PPN 11% | O11: PPH 1,5 % | P11: Total Tghan | Q11: DISTRIBUTOR | R11: Harga Pokok | S11: Harga Pokok | T11: DISCOUNT DISTRIBUTOR | U11: JUMLAH | V11: TOTAL | W11: TOTAL PMBELIAN | X11: PPN | Y11: TOTAL
B12: Tanggal | C12: No. Faktur | F12: jml | G12: Satuan | H12: ( Rp ) | I12: ( Rp ) | J12: ( % ) | K12: Discon ( Rp ) | L12: setelah Disc | M12: Tagihan | P12: stlh PPN | R12: beli (Satuan) | S12: beli (Total) | T12: % | U12: DISC | V12: STLH DISC | W12: SBLM PPN
A13: 1 | B13: 45821 | C13: 118460625 | D13: CATYA HEALTHCARE | E13: K3EDTA PET 2ml isi 100pcs/pack Qtube | F13: 3 | G13: pack | H13: 115000 | I13: =SUM(F13*H13) -> 345000 | J13: 0 | K13: =SUM(I13*J13) -> 0 | L13: =SUM(I13-K13) -> 345000 | M13: =SUM(L13:L21) -> 4992000 | N13: =SUM(M13*11%) -> 549120 | P13: =SUM(M13+N13) -> 5541120 | Q13: PT GOLDEN HITECH INDONESIA | R13: 93333 | S13: =SUM(F13*R13) -> 279999 | T13: 0 | U13: =SUM(S13*T13) -> 0 | V13: =SUM(S13-U13) -> 279999 | W13: =SUM(V13) -> 279999 | X13: 0.11 | Y13: =SUM(W13+(W13*X13)) -> 310798.89
E14: Pot urine tutup putih 50cc | F14: 300 | G14: pcs | H14: 700 | I14: =SUM(F14*H14) -> 210000 | J14: 0 | K14: =SUM(I14*J14) -> 0 | L14: =SUM(I14-K14) -> 210000 | Q14: TOKO MANDIRI JAYA PLASTIK | R14: 550 | S14: =SUM(F14*R14) -> 165000 | T14: 0 | U14: =SUM(S14*T14) -> 0 | V14: =SUM(S14-U14) -> 165000 | W14: =SUM(V14) -> 165000 | X14: 0 | Y14: =SUM(W14+(W14*X14)) -> 165000
E15: Tabung Clot&Gel Activator PET 3 ml isi 100/pack Qtube | F15: 2 | G15: pack | H15: 162000 | I15: =SUM(F15*H15) -> 324000 | J15: 0 | K15: =SUM(I15*J15) -> 0 | L15: =SUM(I15-K15) -> 324000 | Q15: PT GOLDEN HITECH INDONESIA | R15: 130541 | S15: =SUM(F15*R15) -> 261082 | T15: 0 | U15: =SUM(S15*T15) -> 0 | V15: =SUM(S15-U15) -> 261082 | W15: =SUM(V15) -> 261082 | X15: 0.11 | Y15: =SUM(W15+(W15*X15)) -> 289801.02
E16: M52 Diluent 20 L Mindray | F16: 1 | G16: box | H16: 619000 | I16: =SUM(F16*H16) -> 619000 | J16: 0 | K16: =SUM(I16*J16) -> 0 | L16: =SUM(I16-K16) -> 619000 | Q16: PT TRIPATRIA ANDALAN MERDEKA | R16: 557000 | S16: =SUM(F16*R16) -> 557000 | T16: 0 | U16: =SUM(S16*T16) -> 0 | V16: =SUM(S16-U16) -> 557000 | W16: =SUM(V16) -> 557000 | X16: 0.11 | Y16: =SUM(W16+(W16*X16)) -> 618270
E17: M-52 Diff Lyse 500 ml Mindray | F17: 1 | G17: botol | H17: 1625000 | I17: =SUM(F17*H17) -> 1625000 | J17: 0 | K17: =SUM(I17*J17) -> 0 | L17: =SUM(I17-K17) -> 1625000 | Q17: PT TRIPATRIA ANDALAN MERDEKA | R17: 1462000 | S17: =SUM(F17*R17) -> 1462000 | T17: 0 | U17: =SUM(S17*T17) -> 0 | V17: =SUM(S17-U17) -> 1462000 | W17: =SUM(V17) -> 1462000 | X17: 0.11 | Y17: =SUM(W17+(W17*X17)) -> 1622820
E18: M-52 LH Lyse 100 ml Mindray | F18: 1 | G18: botol | H18: 732000 | I18: =SUM(F18*H18) -> 732000 | J18: 0 | K18: =SUM(I18*J18) -> 0 | L18: =SUM(I18-K18) -> 732000 | Q18: PT TRIPATRIA ANDALAN MERDEKA | R18: 658000 | S18: =SUM(F18*R18) -> 658000 | T18: 0 | U18: =SUM(S18*T18) -> 0 | V18: =SUM(S18-U18) -> 658000 | W18: =SUM(V18) -> 658000 | X18: 0.11 | Y18: =SUM(W18+(W18*X18)) -> 730380
E19: BC-5D Hematology Control Mindray | F19: 1 | G19: vial | H19: 698000 | I19: =SUM(F19*H19) -> 698000 | J19: 0 | K19: =SUM(I19*J19) -> 0 | L19: =SUM(I19-K19) -> 698000 | Q19: PT TRIPATRIA ANDALAN MERDEKA | R19: 797000 | S19: =SUM(F19*R19) -> 797000 | T19: 0.3 | U19: =SUM(S19*T19) -> 239100 | V19: =SUM(S19-U19) -> 557900 | W19: =SUM(V19) -> 557900 | X19: 0.11 | Y19: =SUM(W19+(W19*X19)) -> 619269
E20: Tabung Clot Activator PET 3 ml isi 100/pack Qtube | F20: 1 | G20: pack | H20: 115000 | I20: =SUM(F20*H20) -> 115000 | J20: 0 | K20: =SUM(I20*J20) -> 0 | L20: =SUM(I20-K20) -> 115000 | Q20: PT GOLDEN HITECH INDONESIA | R20: 93333 | S20: =SUM(F20*R20) -> 93333 | T20: 0 | U20: =SUM(S20*T20) -> 0 | V20: =SUM(S20-U20) -> 93333 | W20: =SUM(V20) -> 93333 | X20: 0.11 | Y20: =SUM(W20+(W20*X20)) -> 103599.63
E21: Tabung Plain PET 3 ml isi 100/pack GP | F21: 2 | G21: pack | H21: 162000 | I21: =SUM(F21*H21) -> 324000 | J21: 0 | K21: =SUM(I21*J21) -> 0 | L21: =SUM(I21-K21) -> 324000 | Q21: PT HANALAB | R21: 108109 | S21: =SUM(F21*R21) -> 216218 | T21: 0 | U21: =SUM(S21*T21) -> 0 | V21: =SUM(S21-U21) -> 216218 | W21: =SUM(V21) -> 216218 | X21: 0.11 | Y21: =SUM(W21+(W21*X21)) -> 240001.98
A23: JULI 2025
A24: No. | B24: Faktur | D24: Nama Pelanggan | E24: Produk | F24: Quantity | H24: Harga Satuan | I24: Jumlah Harga | J24: Dics. | K24: Jumlah | L24: Jumlah | M24: Total | N24: PPN 11% | O24: PPH 1,5 % | P24: Total Tghan | Q24: DISTRIBUTOR | R24: Harga Pokok | S24: Harga Pokok | T24: DISCOUNT DISTRIBUTOR | U24: JUMLAH | V24: TOTAL | W24: TOTAL PMBELIAN | X24: PPN | Y24: TOTAL
B25: Tanggal | C25: No. Faktur | F25: jml | G25: Satuan | H25: ( Rp ) | I25: ( Rp ) | J25: ( % ) | K25: Discon ( Rp ) | L25: setelah Disc | M25: Tagihan | P25: stlh PPN | R25: beli (Satuan) | S25: beli (Total) | T25: % | U25: DISC | V25: STLH DISC | W25: SBLM PPN
A26: 1 | B26: 45853 | C26: 118740725 | D26: CATYA HEALTHCARE | E26: HbA1c isi 25 test/box Ichroma | F26: 1 | G26: box | H26: 1625000 | I26: =SUM(F26*H26) -> 1625000 | J26: 0.1 | K26: =SUM(I26*J26) -> 162500 | L26: =SUM(I26-K26) -> 1462500 | M26: =SUM(L26:L27) -> 2194500 | N26: =SUM(M26*11%) -> 241395 | P26: =SUM(M26+N26) -> 2435895 | Q26: PT ZOE PELITA NUSANTARA | R26: 1625000 | S26: =SUM(F26*R26) -> 1625000 | T26: 0.25 | U26: =SUM(S26*T26) -> 406250 | V26: =SUM(S26-U26) -> 1218750 | W26: =SUM(V26) -> 1218750 | X26: 0.11 | Y26: =SUM(W26+(W26*X26)) -> 1352812.5
E27: M-52 LH Lyse 100 ml Mindray | F27: 1 | G27: botol | H27: 732000 | I27: =SUM(F27*H27) -> 732000 | J27: 0 | K27: =SUM(I27*J27) -> 0 | L27: =SUM(I27-K27) -> 732000 | Q27: PT TRIPATRIA ANDALAN MERDEKA | R27: 658000 | S27: =SUM(F27*R27) -> 658000 | T27: 0 | U27: =SUM(S27*T27) -> 0 | V27: =SUM(S27-U27) -> 658000 | W27: =SUM(V27) -> 658000 | X27: 0.11 | Y27: =SUM(W27+(W27*X27)) -> 730380
A28: 2 | B28: 45868 | C28: 118810725 | D28: CATYA HEALTHCARE | E28: M-52 Diff Lyse 500 ml Mindray | F28: 1 | G28: botol | H28: 1625000 | I28: =SUM(F28*H28) -> 1625000 | J28: 0 | K28: =SUM(I28*J28) -> 0 | L28: =SUM(I28-K28) -> 1625000 | M28: =SUM(L28:L29) -> 1686200 | N28: =SUM(M28*11%) -> 185482 | P28: =SUM(M28+N28) -> 1871682 | Q28: PT TRIPATRIA ANDALAN MERDEKA | R28: 1462000 | S28: =SUM(F28*R28) -> 1462000 | T28: 0 | U28: =SUM(S28*T28) -> 0 | V28: =SUM(S28-U28) -> 1462000 | W28: =SUM(V28) -> 1462000 | X28: 0.11 | Y28: =SUM(W28+(W28*X28)) -> 1622820
E29: Pot urine tutup putih 50cc | F29: 100 | G29: pcs | H29: 612 | I29: =SUM(F29*H29) -> 61200 | J29: 0 | K29: =SUM(I29*J29) -> 0 | L29: =SUM(I29-K29) -> 61200 | Q29: TOKO MANDIRI JAYA PLASTIK | R29: 550 | S29: =SUM(F29*R29) -> 55000 | T29: 0 | U29: =SUM(S29*T29) -> 0 | V29: =SUM(S29-U29) -> 55000 | W29: =SUM(V29) -> 55000 | X29: 0 | Y29: =SUM(W29+(W29*X29)) -> 55000
A32: AGUSTUS 2025
A33: No. | B33: Faktur | D33: Nama Pelanggan | E33: Produk | F33: Quantity | H33: Harga Satuan | I33: Jumlah Harga | J33: Dics. | K33: Jumlah | L33: Jumlah | M33: Total | N33: PPN 11% | O33: PPH 1,5 % | P33: Total Tghan | Q33: DISTRIBUTOR | R33: Harga Pokok | S33: Harga Pokok | T33: DISCOUNT DISTRIBUTOR | U33: JUMLAH | V33: TOTAL | W33: TOTAL PMBELIAN | X33: PPN | Y33: TOTAL
B34: Tanggal | C34: No. Faktur | F34: jml | G34: Satuan | H34: ( Rp ) | I34: ( Rp ) | J34: ( % ) | K34: Discon ( Rp ) | L34: setelah Disc | M34: Tagihan | P34: stlh PPN | R34: beli (Satuan) | S34: beli (Total) | T34: % | U34: DISC | V34: STLH DISC | W34: SBLM PPN
A35: 1 | B35: 45887 | C35: 118950825 | D35: CATYA HEALTHCARE | E35: M52 Diluent 20 L Mindray | F35: 1 | G35: box | H35: 619000 | I35: =SUM(F35*H35) -> 619000 | J35: 0 | K35: =SUM(I35*J35) -> 0 | L35: =SUM(I35-K35) -> 619000 | M35: =SUM(L35:L41) -> 2268450 | N35: =SUM(M35*11%) -> 249529.5 | P35: =SUM(M35+N35) -> 2517979.5 | Q35: PT TRIPATRIA ANDALAN MERDEKA | R35: 557000 | S35: =SUM(F35*R35) -> 557000 | T35: 0 | U35: =SUM(S35*T35) -> 0 | V35: =SUM(S35-U35) -> 557000 | W35: =SUM(V35) -> 557000 | X35: 0.11 | Y35: =SUM(W35+(W35*X35)) -> 618270
E36: Probe Cleanser 50 ml Mindray | F36: 1 | G36: botol | H36: 184000 | I36: =SUM(F36*H36) -> 184000 | J36: 0 | K36: =SUM(I36*J36) -> 0 | L36: =SUM(I36-K36) -> 184000 | Q36: PT TRIPATRIA ANDALAN MERDEKA | R36: 165000 | S36: =SUM(F36*R36) -> 165000 | T36: 0 | U36: =SUM(S36*T36) -> 0 | V36: =SUM(S36-U36) -> 165000 | W36: =SUM(V36) -> 165000 | X36: 0.11 | Y36: =SUM(W36+(W36*X36)) -> 183150
E37: Aquadest 20L | F37: 1 | G37: box | H37: 89000 | I37: =SUM(F37*H37) -> 89000 | J37: 0 | K37: =SUM(I37*J37) -> 0 | L37: =SUM(I37-K37) -> 89000 | Q37: PT TRIPATRIA ANDALAN MERDEKA | R37: 80000 | S37: =SUM(F37*R37) -> 80000 | T37: 0 | U37: =SUM(S37*T37) -> 0 | V37: =SUM(S37-U37) -> 80000 | W37: =SUM(V37) -> 80000 | X37: 0 | Y37: =SUM(W37+(W37*X37)) -> 80000
E38: Strip Urin 10 Parameter 100's Verify | F38: 2 | G38: pack | H38: 225225 | I38: =SUM(F38*H38) -> 450450 | J38: 0 | K38: =SUM(I38*J38) -> 0 | L38: =SUM(I38-K38) -> 450450 | Q38: PT TRIPATRIA ANDALAN MERDEKA | R38: 85586 | S38: =SUM(F38*R38) -> 171172 | T38: 0 | U38: =SUM(S38*T38) -> 0 | V38: =SUM(S38-U38) -> 171172 | W38: =SUM(V38) -> 171172 | X38: 0.11 | Y38: =SUM(W38+(W38*X38)) -> 190000.92
E39: Creatinine 72 ml Mindray | F39: 1 | G39: kit | H39: 557000 | I39: =SUM(F39*H39) -> 557000 | J39: 0 | K39: =SUM(I39*J39) -> 0 | L39: =SUM(I39-K39) -> 557000 | Q39: PT TRIPATRIA ANDALAN MERDEKA | R39: 500500 | S39: =SUM(F39*R39) -> 500500 | T39: 0 | U39: =SUM(S39*T39) -> 0 | V39: =SUM(S39-U39) -> 500500 | W39: =SUM(V39) -> 500500 | X39: 0.11 | Y39: =SUM(W39+(W39*X39)) -> 555555
E40: Urea Kit 176 ml Mindray | F40: 1 | G40: kit | H40: 299000 | I40: =SUM(F40*H40) -> 299000 | J40: 0 | K40: =SUM(I40*J40) -> 0 | L40: =SUM(I40-K40) -> 299000 | Q40: PT TRIPATRIA ANDALAN MERDEKA | R40: 268620 | S40: =SUM(F40*R40) -> 268620 | T40: 0 | U40: =SUM(S40*T40) -> 0 | V40: =SUM(S40-U40) -> 268620 | W40: =SUM(V40) -> 268620 | X40: 0.11 | Y40: =SUM(W40+(W40*X40)) -> 298168.2
E41: Pot urine tutup putih 50cc | F41: 100 | G41: pcs | H41: 700 | I41: =SUM(F41*H41) -> 70000 | J41: 0 | K41: =SUM(I41*J41) -> 0 | L41: =SUM(I41-K41) -> 70000 | Q41: TOKO MANDIRI JAYA PLASTIK | R41: 550 | S41: =SUM(F41*R41) -> 55000 | T41: 0 | U41: =SUM(S41*T41) -> 0 | V41: =SUM(S41-U41) -> 55000 | W41: =SUM(V41) -> 55000 | X41: 0 | Y41: =SUM(W41+(W41*X41)) -> 55000
M43: =SUM(M26+M35) -> 4462950 | P43: =SUM(P28+P35) -> 4389661.5
A44: OKTOBER 2025
A45: No. | B45: Faktur | D45: Nama Pelanggan | E45: Produk | F45: Quantity | H45: Harga Satuan | I45: Jumlah Harga | J45: Dics. | K45: Jumlah | L45: Jumlah | M45: Total | N45: PPN 11% | O45: PPH 1,5 % | P45: Total Tghan | Q45: DISTRIBUTOR | R45: Harga Pokok | S45: Harga Pokok | T45: DISCOUNT DISTRIBUTOR | U45: JUMLAH | V45: TOTAL | W45: TOTAL PMBELIAN | X45: PPN | Y45: TOTAL
B46: Tanggal | C46: No. Faktur | F46: jml | G46: Satuan | H46: ( Rp ) | I46: ( Rp ) | J46: ( % ) | K46: Discon ( Rp ) | L46: setelah Disc | M46: Tagihan | P46: stlh PPN | R46: beli (Satuan) | S46: beli (Total) | T46: % | U46: DISC | V46: STLH DISC | W46: SBLM PPN
A47: 1 | B47: 45931 | C47: 119281025 | D47: CATYA HEALTHCARE | E47: Strip Urin 10 Parameter 100's WP-SU | F47: 2 | G47: pack | H47: 225225 | I47: =SUM(F47*H47) -> 450450 | J47: 0 | K47: =SUM(I47*J47) -> 0 | L47: =SUM(I47-K47) -> 450450 | M47: =SUM(L47:L56) -> 6066450 | N47: =SUM(M47*11%) -> 667309.5 | P47: =SUM(M47+N47) -> 6733759.5 | Q47: PT TRIPATRIA ANDALAN MERDEKA | R47: 85586 | S47: =SUM(F47*R47) -> 171172 | T47: 0 | U47: =SUM(S47*T47) -> 0 | V47: =SUM(S47-U47) -> 171172 | W47: =SUM(V47) -> 171172 | X47: 0.11 | Y47: =SUM(W47+(W47*X47)) -> 190000.92
E48: Pot urine tutup putih 50cc | F48: 50 | G48: pcs | H48: 700 | I48: =SUM(F48*H48) -> 35000 | J48: 0 | K48: =SUM(I48*J48) -> 0 | L48: =SUM(I48-K48) -> 35000 | Q48: TOKO MANDIRI JAYA PLASTIK | R48: 550 | S48: =SUM(F48*R48) -> 27500 | T48: 0 | U48: =SUM(S48*T48) -> 0 | V48: =SUM(S48-U48) -> 27500 | W48: =SUM(V48) -> 27500 | X48: 0 | Y48: =SUM(W48+(W48*X48)) -> 27500
E49: Creatinine 72 ml Mindray | F49: 1 | G49: kit | H49: 557000 | I49: =SUM(F49*H49) -> 557000 | J49: 0 | K49: =SUM(I49*J49) -> 0 | L49: =SUM(I49-K49) -> 557000 | Q49: PT TRIPATRIA ANDALAN MERDEKA | R49: 500500 | S49: =SUM(F49*R49) -> 500500 | T49: 0 | U49: =SUM(S49*T49) -> 0 | V49: =SUM(S49-U49) -> 500500 | W49: =SUM(V49) -> 500500 | X49: 0.11 | Y49: =SUM(W49+(W49*X49)) -> 555555
E50: ALT 176 ml Mindray | F50: 1 | G50: kit | H50: 472000 | I50: =SUM(F50*H50) -> 472000 | J50: 0 | K50: =SUM(I50*J50) -> 0 | L50: =SUM(I50-K50) -> 472000 | Q50: PT TRIPATRIA ANDALAN MERDEKA | R50: 424765 | S50: =SUM(F50*R50) -> 424765 | T50: 0 | U50: =SUM(S50*T50) -> 0 | V50: =SUM(S50-U50) -> 424765 | W50: =SUM(V50) -> 424765 | X50: 0.11 | Y50: =SUM(W50+(W50*X50)) -> 471489.15
E51: AST 176 ml Mindray | F51: 1 | G51: kit | H51: 472000 | I51: =SUM(F51*H51) -> 472000 | J51: 0 | K51: =SUM(I51*J51) -> 0 | L51: =SUM(I51-K51) -> 472000 | Q51: PT TRIPATRIA ANDALAN MERDEKA | R51: 424765 | S51: =SUM(F51*R51) -> 424765 | T51: 0 | U51: =SUM(S51*T51) -> 0 | V51: =SUM(S51-U51) -> 424765 | W51: =SUM(V51) -> 424765 | X51: 0.11 | Y51: =SUM(W51+(W51*X51)) -> 471489.15
E52: Total Cholesterol 160ml Mindray | F52: 1 | G52: kit | H52: 447000 | I52: =SUM(F52*H52) -> 447000 | J52: 0 | K52: =SUM(I52*J52) -> 0 | L52: =SUM(I52-K52) -> 447000 | Q52: PT TRIPATRIA ANDALAN MERDEKA | R52: 401830 | S52: =SUM(F52*R52) -> 401830 | T52: 0 | U52: =SUM(S52*T52) -> 0 | V52: =SUM(S52-U52) -> 401830 | W52: =SUM(V52) -> 401830 | X52: 0.11 | Y52: =SUM(W52+(W52*X52)) -> 446031.3
E53: HDL Cholesterol 54 ml Mindray | F53: 1 | G53: kit | H53: 1735000 | I53: =SUM(F53*H53) -> 1735000 | J53: 0 | K53: =SUM(I53*J53) -> 0 | L53: =SUM(I53-K53) -> 1735000 | Q53: PT TRIPATRIA ANDALAN MERDEKA | R53: 1561285 | S53: =SUM(F53*R53) -> 1561285 | T53: 0 | U53: =SUM(S53*T53) -> 0 | V53: =SUM(S53-U53) -> 1561285 | W53: =SUM(V53) -> 1561285 | X53: 0.11 | Y53: =SUM(W53+(W53*X53)) -> 1733026.4
E54: Probe Cleanser 50 ml Mindray | F54: 1 | G54: botol | H54: 184000 | I54: =SUM(F54*H54) -> 184000 | J54: 0 | K54: =SUM(I54*J54) -> 0 | L54: =SUM(I54-K54) -> 184000 | Q54: PT TRIPATRIA ANDALAN MERDEKA | R54: 165000 | S54: =SUM(F54*R54) -> 165000 | T54: 0 | U54: =SUM(S54*T54) -> 0 | V54: =SUM(S54-U54) -> 165000 | W54: =SUM(V54) -> 165000 | X54: 0.11 | Y54: =SUM(W54+(W54*X54)) -> 183150
E55: Aquadest 20L | F55: 1 | G55: box | H55: 89000 | I55: =SUM(F55*H55) -> 89000 | J55: 0 | K55: =SUM(I55*J55) -> 0 | L55: =SUM(I55-K55) -> 89000 | Q55: PT TRIPATRIA ANDALAN MERDEKA | R55: 80000 | S55: =SUM(F55*R55) -> 80000 | T55: 0 | U55: =SUM(S55*T55) -> 0 | V55: =SUM(S55-U55) -> 80000 | W55: =SUM(V55) -> 80000 | X55: 0 | Y55: =SUM(W55+(W55*X55)) -> 80000
E56: M-52 Diff Lyse 500 ml Mindray | F56: 1 | G56: botol | H56: 1625000 | I56: =SUM(F56*H56) -> 1625000 | J56: 0 | K56: =SUM(I56*J56) -> 0 | L56: =SUM(I56-K56) -> 1625000 | Q56: PT TRIPATRIA ANDALAN MERDEKA | R56: 1462000 | S56: =SUM(F56*R56) -> 1462000 | T56: 0 | U56: =SUM(S56*T56) -> 0 | V56: =SUM(S56-U56) -> 1462000 | W56: =SUM(V56) -> 1462000 | X56: 0.11 | Y56: =SUM(W56+(W56*X56)) -> 1622820
P57: =SUM(P28+P35) -> 4389661.5
P58: =+P47+P35+P28 -> 11123421
A59: 1 | B59: 45267 | C59: 113921223 | D59: RSUD CIPAYUNG | E59: IS NAPZA TEST / DRUG ABUSE MULTI TEST 5 PANEL (THC/MOP/AMP/METH/BZO) | F59: 15 | G59: box | H59: 1256756.8 | I59: =SUM(F59*H59) -> 18851351 | J59: 0 | K59: =SUM(I59*J59) -> 0 | L59: =SUM(I59-K59) -> 18851351 | M59: =SUM(L59:L59) -> 18851351 | N59: =SUM(M59*11%) -> 2073648.6 | O59: =SUM(M59*1.5%) -> 282770.27 | P59: =SUM(M59+N59) -> 20925000 | Q59: PT INTERSKALA MEDIKA | R59: 1256756.8 | S59: =SUM(F59*R59) -> 18851352 | T59: 0.25 | U59: =SUM(S59*T59) -> 4712838 | V59: =SUM(S59-U59) -> 14138514 | W59: =SUM(V59) -> 14138514 | X59: 0.11 | Y59: =SUM(W59+(W59*X59)) -> 15693751
B62: Notes:
B63: Aquadest setelah oktober 2025 diganti ke Aqua DM Brataco dengan harga 150.000 blm PPN
A65: 2 | D65: CATYA HEALTHCARE | E65: AST 176 ml Mindray | F65: 1 | G65: kit | H65: 472000 | I65: =SUM(F65*H65) -> 472000 | J65: 0 | K65: =SUM(I65*J65) -> 0 | L65: =SUM(I65-K65) -> 472000 | M65: =SUM(L65:L98) -> 36694000 | N65: =SUM(M65*11%) -> 4036340 | P65: =SUM(M65+N65) -> 40730340 | Q65: PT TRIPATRIA ANDALAN MERDEKA | R65: 424765 | S65: =SUM(F65*R65) -> 424765 | T65: 0 | U65: =SUM(S65*T65) -> 0 | V65: =SUM(S65-U65) -> 424765 | W65: =SUM(V65) -> 424765 | X65: 0.11 | Y65: =SUM(W65+(W65*X65)) -> 471489.15
E66: ALT 176 ml Mindray | F66: 1 | G66: kit | H66: 472000 | I66: =SUM(F66*H66) -> 472000 | J66: 0 | K66: =SUM(I66*J66) -> 0 | L66: =SUM(I66-K66) -> 472000 | Q66: PT TRIPATRIA ANDALAN MERDEKA | R66: 424765 | S66: =SUM(F66*R66) -> 424765 | T66: 0 | U66: =SUM(S66*T66) -> 0 | V66: =SUM(S66-U66) -> 424765 | W66: =SUM(V66) -> 424765 | X66: 0.11 | Y66: =SUM(W66+(W66*X66)) -> 471489.15
E67: ALP 176 ml Mindray | F67: 1 | G67: kit | H67: 928000 | I67: =SUM(F67*H67) -> 928000 | J67: 0 | K67: =SUM(I67*J67) -> 0 | L67: =SUM(I67-K67) -> 928000 | Q67: PT TRIPATRIA ANDALAN MERDEKA | R67: 835000 | S67: =SUM(F67*R67) -> 835000 | T67: 0 | U67: =SUM(S67*T67) -> 0 | V67: =SUM(S67-U67) -> 835000 | W67: =SUM(V67) -> 835000 | X67: 0.11 | Y67: =SUM(W67+(W67*X67)) -> 926850
E68: Bilirubin Total 176 ml Mindray | F68: 1 | G68: kit | H68: 1164000 | I68: =SUM(F68*H68) -> 1164000 | J68: 0 | K68: =SUM(I68*J68) -> 0 | L68: =SUM(I68-K68) -> 1164000 | Q68: PT TRIPATRIA ANDALAN MERDEKA | R68: 1046980 | S68: =SUM(F68*R68) -> 1046980 | T68: 0 | U68: =SUM(S68*T68) -> 0 | V68: =SUM(S68-U68) -> 1046980 | W68: =SUM(V68) -> 1046980 | X68: 0.11 | Y68: =SUM(W68+(W68*X68)) -> 1162147.8
E69: Urea Kit 176 ml Mindray | F69: 2 | G69: kit | H69: 299000 | I69: =SUM(F69*H69) -> 598000 | J69: 0 | K69: =SUM(I69*J69) -> 0 | L69: =SUM(I69-K69) -> 598000 | Q69: PT TRIPATRIA ANDALAN MERDEKA | R69: 268620 | S69: =SUM(F69*R69) -> 537240 | T69: 0 | U69: =SUM(S69*T69) -> 0 | V69: =SUM(S69-U69) -> 537240 | W69: =SUM(V69) -> 537240 | X69: 0.11 | Y69: =SUM(W69+(W69*X69)) -> 596336.4
E70: Creatinine 72 ml Mindray | F70: 2 | G70: kit | H70: 557000 | I70: =SUM(F70*H70) -> 1114000 | J70: 0 | K70: =SUM(I70*J70) -> 0 | L70: =SUM(I70-K70) -> 1114000 | Q70: PT TRIPATRIA ANDALAN MERDEKA | R70: 500500 | S70: =SUM(F70*R70) -> 1001000 | T70: 0 | U70: =SUM(S70*T70) -> 0 | V70: =SUM(S70-U70) -> 1001000 | W70: =SUM(V70) -> 1001000 | X70: 0.11 | Y70: =SUM(W70+(W70*X70)) -> 1111110
E71: Uric Acid 200 ml Mindray | F71: 1 | G71: kit | H71: 447000 | I71: =SUM(F71*H71) -> 447000 | J71: 0 | K71: =SUM(I71*J71) -> 0 | L71: =SUM(I71-K71) -> 447000 | Q71: PT TRIPATRIA ANDALAN MERDEKA | R71: 401830 | S71: =SUM(F71*R71) -> 401830 | T71: 0 | U71: =SUM(S71*T71) -> 0 | V71: =SUM(S71-U71) -> 401830 | W71: =SUM(V71) -> 401830 | X71: 0.11 | Y71: =SUM(W71+(W71*X71)) -> 446031.3
E72: Total Cholesterol 160ml Mindray | F72: 2 | G72: kit | H72: 447000 | I72: =SUM(F72*H72) -> 894000 | J72: 0 | K72: =SUM(I72*J72) -> 0 | L72: =SUM(I72-K72) -> 894000 | Q72: PT TRIPATRIA ANDALAN MERDEKA | R72: 401830 | S72: =SUM(F72*R72) -> 803660 | T72: 0 | U72: =SUM(S72*T72) -> 0 | V72: =SUM(S72-U72) -> 803660 | W72: =SUM(V72) -> 803660 | X72: 0.11 | Y72: =SUM(W72+(W72*X72)) -> 892062.6
E73: HDL Cholesterol 54 ml Mindray | F73: 4 | G73: kit | H73: 1735000 | I73: =SUM(F73*H73) -> 6940000 | J73: 0 | K73: =SUM(I73*J73) -> 0 | L73: =SUM(I73-K73) -> 6940000 | Q73: PT TRIPATRIA ANDALAN MERDEKA | R73: 1561285 | S73: =SUM(F73*R73) -> 6245140 | T73: 0 | U73: =SUM(S73*T73) -> 0 | V73: =SUM(S73-U73) -> 6245140 | W73: =SUM(V73) -> 6245140 | X73: 0.11 | Y73: =SUM(W73+(W73*X73)) -> 6932105.4
E74: Triglycerides 160 ml Mindray | F74: 2 | G74: kit | H74: 802000 | I74: =SUM(F74*H74) -> 1604000 | J74: 0 | K74: =SUM(I74*J74) -> 0 | L74: =SUM(I74-K74) -> 1604000 | Q74: PT TRIPATRIA ANDALAN MERDEKA | R74: 720940 | S74: =SUM(F74*R74) -> 1441880 | T74: 0 | U74: =SUM(S74*T74) -> 0 | V74: =SUM(S74-U74) -> 1441880 | W74: =SUM(V74) -> 1441880 | X74: 0.11 | Y74: =SUM(W74+(W74*X74)) -> 1600486.8
E75: Glu 200 ml Mindray | F75: 1 | G75: kit | H75: 235000 | I75: =SUM(F75*H75) -> 235000 | J75: 0 | K75: =SUM(I75*J75) -> 0 | L75: =SUM(I75-K75) -> 235000 | Q75: PT TRIPATRIA ANDALAN MERDEKA | R75: 211255 | S75: =SUM(F75*R75) -> 211255 | T75: 0 | U75: =SUM(S75*T75) -> 0 | V75: =SUM(S75-U75) -> 211255 | W75: =SUM(V75) -> 211255 | X75: 0.11 | Y75: =SUM(W75+(W75*X75)) -> 234493.05
E76: BS 120 Cuvette '250pcs Mindray | F76: 4 | G76: box | H76: 1413000 | I76: =SUM(F76*H76) -> 5652000 | J76: 0 | K76: =SUM(I76*J76) -> 0 | L76: =SUM(I76-K76) -> 5652000 | Q76: PT TRIPATRIA ANDALAN MERDEKA | R76: 1271620 | S76: =SUM(F76*R76) -> 5086480 | T76: 0 | U76: =SUM(S76*T76) -> 0 | V76: =SUM(S76-U76) -> 5086480 | W76: =SUM(V76) -> 5086480 | X76: 0.11 | Y76: =SUM(W76+(W76*X76)) -> 5645992.8
E77: Clinchem Multicontrol Level 1 5ml Mindray | F77: 1 | G77: kit | H77: 526000 | I77: =SUM(F77*H77) -> 526000 | J77: 0 | K77: =SUM(I77*J77) -> 0 | L77: =SUM(I77-K77) -> 526000 | Q77: PT TRIPATRIA ANDALAN MERDEKA | R77: 473110 | S77: =SUM(F77*R77) -> 473110 | T77: 0 | U77: =SUM(S77*T77) -> 0 | V77: =SUM(S77-U77) -> 473110 | W77: =SUM(V77) -> 473110 | X77: 0.11 | Y77: =SUM(W77+(W77*X77)) -> 525152.1
... E98: Contour Plus BG Test Strip 1x50 | F98: 6 | G98: box | H98: 154000 | I98: =SUM(F98*H98) -> 924000 | J98: 0 | K98: =SUM(I98*J98) -> 0 | L98: =SUM(I98-K98) -> 924000 | Q98: PT TRIPATRIA ANDALAN MERDEKA | R98: 154000 | S98: =SUM(F98*R98) -> 924000 | T98: 0.25 | U98: =SUM(S98*T98) -> 231000 | V98: =SUM(S98-U98) -> 693000 | W98: =SUM(V98) -> 693000 | X98: 0.11 | Y98: =SUM(W98+(W98*X98)) -> 769230

Sheet RSUD CIRACAS
A1: BREAKDOWN PENJUALAN PT. MITRAJAYA SELARAS ABADI
A5: 2025 RSUD CIRACAS
A10: FEBRUARI 2025
A11: No. | B11: Faktur | D11: Nama Pelanggan | E11: Produk | F11: Quantity | H11: Harga Satuan | I11: Jumlah Harga | J11: Dics. | K11: Jumlah | L11: Jumlah | M11: Total | N11: PPN 11% | O11: PPH 1,5 % | P11: Total Tghan | Q11: DISTRIBUTOR | R11: Harga Pokok | S11: Harga Pokok | T11: DISCOUNT DISTRIBUTOR | U11: JUMLAH | V11: TOTAL | W11: TOTAL PMBELIAN | X11: PPN | Y11: TOTAL
B12: Tanggal | C12: No. Faktur | F12: jml | G12: Satuan | H12: ( Rp ) | I12: ( Rp ) | J12: ( % ) | K12: Discon ( Rp ) | L12: setelah Disc | M12: Tagihan | P12: stlh PPN | R12: beli (Satuan) | S12: beli (Total) | T12: % | U12: DISC | V12: STLH DISC | W12: SBLM PPN
A13: 1 | B13: 45332 | C13: 117390225 | D13: RSUD CIRACAS | E13: Qtube + Logo QTUBE BLOOD COLLECTION TUBES EDTA K3 3ML | F13: 150 | G13: pack | H13: 133333.33 | I13: =SUM(F13*H13) -> 20000000 | J13: 0 | K13: =SUM(I13*J13) -> 0 | L13: =SUM(I13-K13) -> 20000000 | M13: =SUM(L13:L14) -> 44243243 | N13: =SUM(M13*11%) -> 4866756.7 | O13: =SUM(M13*1.375%) -> 608344.59 | P13: =SUM(M13+N13) -> 49110000 | Q13: PT GOLDEN HITECH INDONESIA | R13: 133333.33 | S13: =SUM(F13*R13) -> 20000000 | T13: 0.3 | U13: =SUM(S13*T13) -> 6000000 | V13: =SUM(S13-U13) -> 14000000 | W13: =SUM(V13) -> 14000000 | X13: 0.11 | Y13: =SUM(W13+(W13*X13)) -> 15540000
E14: Qtube + Logo BLOOD COLLECTION TUBES GEL/CLOT ACTIVATOR 3ML | F14: 130 | G14: pack | H14: 186486.49 | I14: =SUM(F14*H14) -> 24243243 | J14: 0 | K14: =SUM(I14*J14) -> 0 | L14: =SUM(I14-K14) -> 24243243 | Q14: PT GOLDEN HITECH INDONESIA | R14: 186486.49 | S14: =SUM(F14*R14) -> 24243243 | T14: 0.3 | U14: =SUM(S14*T14) -> 7272973 | V14: =SUM(S14-U14) -> 16970270 | W14: =SUM(V14) -> 16970270 | X14: 0.11 | Y14: =SUM(W14+(W14*X14)) -> 18837000
A15: 2 | B15: 45702 | C15: 117450225 | D15: RSUD CIRACAS | E15: Non Sterile Specimen Container 60ml Non Label PS | F15: 6 | G15: pack | H15: 699461.26 | I15: =SUM(F15*H15) -> 4196767.6 | J15: 0 | K15: =SUM(I15*J15) -> 0 | L15: =SUM(I15-K15) -> 4196767.6 | M15: =SUM(L15:L15) -> 4196767.6 | N15: =SUM(M15*11%) -> 461644.43 | O15: =SUM(M15*1.375%) -> 57705.554 | P15: =SUM(M15+N15) -> 4658412 | Q15: PT AGARINDO | R15: 699461 | S15: =SUM(F15*R15) -> 4196766 | T15: 0.2 | U15: =SUM(S15*T15) -> 839353.2 | V15: =SUM(S15-U15) -> 3357412.8 | W15: =SUM(V15) -> 3357412.8 | X15: 0.11 | Y15: =SUM(W15+(W15*X15)) -> 3726728.2
A16: 3 | B16: 45705 | C16: 117330225 | D16: RSUD CIRACAS | E16: IS Napza Test / Drug Abuse Multi Test 5 Panel (THC/MOP/AMP/METH/BZO) | F16: 51 | G16: box | H16: 1256756.8 | I16: =SUM(F16*H16) -> 64094595 | J16: 0 | K16: =SUM(I16*J16) -> 0 | L16: =SUM(I16-K16) -> 64094595 | M16: =SUM(L16:L16) -> 64094595 | N16: =SUM(M16*11%) -> 7050405.4 | O16: =SUM(M16*1.375%) -> 881300.68 | P16: =SUM(M16+N16) -> 71145000 | Q16: PT INTERSKALA MEDIKA INDONESIA | R16: 1256756.8 | S16: =SUM(F16*R16) -> 64094597 | T16: 0.3 | U16: =SUM(S16*T16) -> 19228379 | V16: =SUM(S16-U16) -> 44866218 | W16: =SUM(V16) -> 44866218 | X16: 0.11 | Y16: =SUM(W16+(W16*X16)) -> 49801502
A17: 4 | B17: 45709 | C17: 117610225 | D17: RSUD CIRACAS | E17: IS Anti-HCV Rapid Test | F17: 3 | G17: box | H17: 326126.13 | I17: =SUM(F17*H17) -> 978378.38 | J17: 0 | K17: =SUM(I17*J17) -> 0 | L17: =SUM(I17-K17) -> 978378.38 | M17: =SUM(L17) -> 978378.38 | N17: =SUM(M17*11%) -> 107621.62 | O17: =SUM(M17*1.375%) -> 13452.703 | P17: =SUM(M17+N17) -> 1086000 | Q17: PT INTERSKALA MEDIKA | R17: 326126 | S17: =SUM(F17*R17) -> 978378 | T17: 0.3 | U17: =SUM(S17*T17) -> 293513.4 | V17: =SUM(S17-U17) -> 684864.6 | W17: =SUM(V17) -> 684864.6 | X17: 0.11 | Y17: =SUM(W17+(W17*X17)) -> 760199.71
A21: MARET 2025
A22: No. | B22: Faktur | D22: Nama Pelanggan | E22: Produk | F22: Quantity | H22: Harga Satuan | I22: Jumlah Harga | J22: Dics. | K22: Jumlah | L22: Jumlah | M22: Total | N22: PPN 11% | O22: PPH 1,5 % | P22: Total Tghan | Q22: DISTRIBUTOR | R22: Harga Pokok | S22: Harga Pokok | T22: DISCOUNT DISTRIBUTOR | U22: JUMLAH | V22: TOTAL | W22: TOTAL PMBELIAN | X22: PPN | Y22: TOTAL
B23: Tanggal | C23: No. Faktur | F23: jml | G23: Satuan | H23: ( Rp ) | I23: ( Rp ) | J23: ( % ) | K23: Discon ( Rp ) | L23: setelah Disc | M23: Tagihan | P23: stlh PPN | R23: beli (Satuan) | S23: beli (Total) | T23: % | U23: DISC | V23: STLH DISC | W23: SBLM PPN
A24: 1 | B24: 45728 | C24: 117790325 | D24: RSUD CIRACAS | E24: ASCENSIA CONTOUR PLUS Strip Uji Glukosa Darah Blood Glucose Test Strip (Isi 50 Strip) | F24: 222 | G24: box | H24: 153603.6 | I24: =SUM(F24*H24) -> 34100000 | J24: 0 | K24: =SUM(I24*J24) -> 0 | L24: =SUM(I24-K24) -> 34100000 | M24: =SUM(L24:L24) -> 34100000 | N24: =SUM(M24*11%) -> 3751000 | O24: =SUM(M24*1.375%) -> 468875 | P24: =SUM(M24+N24) -> 37851000 | Q24: PT. Gobel Dharma Nusantara | R24: 154000 | S24: =SUM(F24*R24) -> 34188000 | T24: 0.2 | U24: =SUM(S24*T24) -> 6837600 | V24: =SUM(S24-U24) -> 27350400 | W24: =SUM(V24) -> 27350400 | X24: 0.11 | Y24: =SUM(W24+(W24*X24)) -> 30358944
A25: 2 | B25: 45728 | C25: 117800325 | D25: RSUD CIRACAS | E25: Ichroma D-Dimer | F25: 5 | G25: box | H25: 1881592.8 | I25: =SUM(F25*H25) -> 9407963.9 | J25: 0 | K25: =SUM(I25*J25) -> 0 | L25: =SUM(I25-K25) -> 9407963.9 | M25: =SUM(L25:L26) -> 15194393 | N25: =SUM(M25*11%) -> 1671383.2 | O25: =SUM(M25*1.375%) -> 208922.9 | P25: =SUM(M25+N25) -> 16865776 | Q25: PT ZOE PELITA NUSANTARA | R25: 1881593 | S25: =SUM(F25*R25) -> 9407965 | T25: 0.25 | U25: =SUM(S25*T25) -> 2351991.2 | V25: =SUM(S25-U25) -> 7055973.8 | W25: =SUM(V25) -> 7055973.8 | X25: 0.11 | Y25: =SUM(W25+(W25*X25)) -> 7832130.9
E26: Ichroma hsCRP All in one | F26: 4 | G26: box | H26: 1446607.2 | I26: =SUM(F26*H26) -> 5786428.8 | J26: 0 | K26: =SUM(I26*J26) -> 0 | L26: =SUM(I26-K26) -> 5786428.8 | Q26: PT ZOE PELITA NUSANTARA | R26: 1446607 | S26: =SUM(F26*R26) -> 5786428 | T26: 0.25 | U26: =SUM(S26*T26) -> 1446607 | V26: =SUM(S26-U26) -> 4339821 | W26: =SUM(V26) -> 4339821 | X26: 0.11 | Y26: =SUM(W26+(W26*X26)) -> 4817201.3
A27: 11 | B27: 45733 | C27: 117840325 | D27: RSUD CIRACAS | E27: M-6 LD Lyse 700/720 | F27: 11 | G27: botol | H27: 2750000 | I27: =SUM(F27*H27) -> 30250000 | J27: 0 | K27: =SUM(I27*J27) -> 0 | L27: =SUM(I27-K27) -> 30250000 | M27: =SUM(L27:L32) -> 268218000 | N27: =SUM(M27*11%) -> 29503980 | O27: =SUM(M27*1.375%) -> 3687997.5 | P27: =SUM(M27+N27) -> 297721980 | Q27: PT TRIPATRIA ANDALAN MEDIKA | R27: 990000 | S27: =SUM(F27*R27) -> 10890000 | T27: 0 | U27: =SUM(S27*T27) -> 0 | V27: =SUM(S27-U27) -> 10890000 | W27: =SUM(V27) -> 10890000 | X27: 0.11 | Y27: =SUM(W27+(W27*X27)) -> 12087900
E28: M-6 FD dye 700/720 | F28: 21 | G28: pcs | H28: 2250000 | I28: =SUM(F28*H28) -> 47250000 | J28: 0 | K28: =SUM(I28*J28) -> 0 | L28: =SUM(I28-K28) -> 47250000 | Q28: PT TRIPATRIA ANDALAN MEDIKA | R28: 810000 | S28: =SUM(F28*R28) -> 17010000 | T28: 0 | U28: =SUM(S28*T28) -> 0 | V28: =SUM(S28-U28) -> 17010000 | W28: =SUM(V28) -> 17010000 | X28: 0.11 | Y28: =SUM(W28+(W28*X28)) -> 18881100
E29: M-6 DS Diluent 700/720 | F29: 15 | G29: box | H29: 3234000 | I29: =SUM(F29*H29) -> 48510000 | J29: 0 | K29: =SUM(I29*J29) -> 0 | L29: =SUM(I29-K29) -> 48510000 | Q29: PT TRIPATRIA ANDALAN MEDIKA | R29: 582000 | S29: =SUM(F29*R29) -> 8730000 | T29: 0 | U29: =SUM(S29*T29) -> 0 | V29: =SUM(S29-U29) -> 8730000 | W29: =SUM(V29) -> 8730000 | X29: 0.11 | Y29: =SUM(W29+(W29*X29)) -> 9690300
E30: ESR Solution Reagen (LED) 700/720 | F30: 11 | G30: botol | H30: 4000000 | I30: =SUM(F30*H30) -> 44000000 | J30: 0 | K30: =SUM(I30*J30) -> 0 | L30: =SUM(I30-K30) -> 44000000 | Q30: PT TRIPATRIA ANDALAN MEDIKA | R30: 1800000 | S30: =SUM(F30*R30) -> 19800000 | T30: 0 | U30: =SUM(S30*T30) -> 0 | V30: =SUM(S30-U30) -> 19800000 | W30: =SUM(V30) -> 19800000 | X30: 0.11 | Y30: =SUM(W30+(W30*X30)) -> 21978000
E31: Probe Cleanser 700/720 | F31: 21 | G31: kit | H31: 500000 | I31: =SUM(F31*H31) -> 10500000 | J31: 0 | K31: =SUM(I31*J31) -> 0 | L31: =SUM(I31-K31) -> 10500000 | Q31: PT TRIPATRIA ANDALAN MEDIKA | R31: 150000 | S31: =SUM(F31*R31) -> 3150000 | T31: 0 | U31: =SUM(S31*T31) -> 0 | V31: =SUM(S31-U31) -> 3150000 | W31: =SUM(V31) -> 3150000 | X31: 0.11 | Y31: =SUM(W31+(W31*X31)) -> 3496500
E32: Control BC-6D 700/720 | F32: 12 | G32: set | H32: 7309000 | I32: =SUM(F32*H32) -> 87708000 | J32: 0 | K32: =SUM(I32*J32) -> 0 | L32: =SUM(I32-K32) -> 87708000 | Q32: PT TRIPATRIA ANDALAN MEDIKA | R32: 2631000 | S32: =SUM(F32*R32) -> 31572000 | T32: 0 | U32: =SUM(S32*T32) -> 0 | V32: =SUM(S32-U32) -> 31572000 | W32: =SUM(V32) -> 31572000 | X32: 0.11 | Y32: =SUM(W32+(W32*X32)) -> 35044920
A33: 12 | B33: 45733 | C33: 117850325 | D33: RSUD CIRACAS | E33: LABWARE CHARUZU STERILE STOOL CONTAINER 60ML PS | F33: 5 | G33: Pack | H33: 278378.38 | I33: =SUM(F33*H33) -> 1391891.9 | J33: 0 | K33: =SUM(I33*J33) -> 0 | L33: =SUM(I33-K33) -> 1391891.9 | M33: =SUM(L33:L33) -> 1391891.9 | N33: =SUM(M33*11%) -> 153108.11 | O33: =SUM(M33*1.375%) -> 19138.513 | P33: =SUM(M33+N33) -> 1545000 | Q33: PT AGARINDO | R33: 278348 | S33: =SUM(F33*R33) -> 1391740 | T33: 0.2 | U33: 278378 | V33: =SUM(S33-U33) -> 1113362 | W33: =SUM(V33) -> 1113362 | X33: 0.11 | Y33: =SUM(W33+(W33*X33)) -> 1235831.8
A34: 13 | B34: 45733 | C34: 117860325 | D34: RSUD CIRACAS | E34: LABWARE CHARUZU Pipette tip Eppendorf 200ul Yellow | F34: 9 | G34: pack | H34: 202702.7 | I34: =SUM(F34*H34) -> 1824324.3 | J34: 0 | K34: =SUM(I34*J34) -> 0 | L34: =SUM(I34-K34) -> 1824324.3 | M34: =SUM(L34:L34) -> 1824324.3 | N34: =SUM(M34*11%) -> 200675.68 | O34: =SUM(M34*1.375%) -> 25084.459 | P34: =SUM(M34+N34) -> 2025000 | Q34: PT AGARINDO | R34: 202703 | S34: =SUM(F34*R34) -> 1824327 | T34: 0.2 | U34: =SUM(S34*T34) -> 364865.4 | V34: =SUM(S34-U34) -> 1459461.6 | W34: =SUM(V34) -> 1459461.6 | X34: 0.11 | Y34: =SUM(W34+(W34*X34)) -> 1620002.4
A35: 23 | B35: 45743 | C35: 117950325 | D35: RSUD CIRACAS | E35: Reagent Pack Dianuo | F35: 16 | G35: pack | H35: 6667000 | I35: =SUM(F35*H35) -> 106672000 | J35: 0 | K35: =SUM(I35*J35) -> 0 | L35: =SUM(I35-K35) -> 106672000 | M35: =SUM(L35:L37) -> 114452000 | N35: =SUM(M35*11%) -> 12589720 | O35: =SUM(M35*1.375%) -> 1573715 | P35: =SUM(M35+N35) -> 127041720 | Q35: PT SMS | R35: 1950000 | S35: =SUM(F35*R35) -> 31200000 | T35: 0 | U35: =SUM(S35*T35) -> 0 | V35: =SUM(S35-U35) -> 31200000 | W35: =SUM(V35) -> 31200000 | X35: 0.11 | Y35: =SUM(W35+(W35*X35)) -> 34632000
E36: Cleaning Solution Dianuo | F36: 1 | G36: botol | H36: 1556000 | I36: =SUM(F36*H36) -> 1556000 | J36: 0 | K36: =SUM(I36*J36) -> 0 | L36: =SUM(I36-K36) -> 1556000 | Q36: PT SMS | R36: 385000 | S36: =SUM(F36*R36) -> 385000 | T36: 0 | U36: =SUM(S36*T36) -> 0 | V36: =SUM(S36-U36) -> 385000 | W36: =SUM(V36) -> 385000 | X36: 0.11 | Y36: =SUM(W36+(W36*X36)) -> 427350
E37: QC Solution 2 Dianuo | F37: 4 | G37: botol | H37: 1556000 | I37: =SUM(F37*H37) -> 6224000 | J37: 0 | K37: =SUM(I37*J37) -> 0 | L37: =SUM(I37-K37) -> 6224000 | Q37: PT SMS | R37: 385000 | S37: =SUM(F37*R37) -> 1540000 | T37: 0 | U37: =SUM(S37*T37) -> 0 | V37: =SUM(S37-U37) -> 1540000 | W37: =SUM(V37) -> 1540000 | X37: 0.11 | Y37: =SUM(W37+(W37*X37)) -> 1709400
A38: 24 | B38: 45743 | C38: 117960325 | D38: RSUD CIRACAS | E38: Qtube + Logo BLOOD COLLECTION TUBES 3,2% SODIUM CITRATE 1.8ML | F38: 8 | G38: pack | H38: 138738.74 | I38: =SUM(F38*H38) -> 1109909.9 | J38: 0 | K38: =SUM(I38*J38) -> 0 | L38: =SUM(I38-K38) -> 1109909.9 | M38: =SUM(L38:L38) -> 1109909.9 | N38: =SUM(M38*11%) -> 122090.09 | O38: =SUM(M38*1.375%) -> 15261.261 | P38: =SUM(M38+N38) -> 1232000 | Q38: PT GOLDEN HITECH INDONESIA | R38: 138738.74 | S38: =SUM(F38*R38) -> 1109909.9 | T38: 0.3 | U38: =SUM(S38*T38) -> 332972.97 | V38: =SUM(S38-U38) -> 776936.93 | W38: =SUM(V38) -> 776936.93 | X38: 0.11 | Y38: =SUM(W38+(W38*X38)) -> 862400
A40: MEI 2025
A41: No. | B41: Faktur | D41: Nama Pelanggan | E41: Produk | F41: Quantity | H41: Harga Satuan | I41: Jumlah Harga | J41: Dics. | K41: Jumlah | L41: Jumlah | M41: Total | N41: PPN 11% | O41: PPH 1,5 % | P41: Total Tghan | Q41: DISTRIBUTOR | R41: Harga Pokok | S41: Harga Pokok | T41: DISCOUNT DISTRIBUTOR | U41: JUMLAH | V41: TOTAL | W41: TOTAL PMBELIAN | X41: PPN | Y41: TOTAL
B42: Tanggal | C42: No. Faktur | F42: jml | G42: Satuan | H42: ( Rp ) | I42: ( Rp ) | J42: ( % ) | K42: Discon ( Rp ) | L42: setelah Disc | M42: Tagihan | P42: stlh PPN | R42: beli (Satuan) | S42: beli (Total) | T42: % | U42: DISC | V42: STLH DISC | W42: SBLM PPN
A43: 1 | B43: 45819 | C43: 118470625 | D43: RSUD CIRACAS | E43: Test Cartridge Blood Gas (Include Calibrant Fluid) | F43: 5 | G43: set | H43: 12612613 | I43: =SUM(F43*H43) -> 63063063 | J43: 0 | K43: =SUM(I43*J43) -> 0 | L43: =SUM(I43-K43) -> 63063063 | M43: =SUM(L43:L43) -> 63063063 | N43: =SUM(M43*11%) -> 6936936.9 | O43: =SUM(M43*1.5%) -> 945945.95 | P43: =SUM(M43+N43) -> 70000000 | Q43: PT NUSANTARA MEDCARE INDONESIA | R43: 5900000 | S43: =SUM(F43*R43) -> 29500000 | T43: 0 | U43: =SUM(S43*T43) -> 0 | V43: =SUM(S43-U43) -> 29500000 | W43: =SUM(V43) -> 29500000 | X43: 0.11 | Y43: =SUM(W43+(W43*X43)) -> 32745000
A46: JUNI 2025
A47: No. | B47: Faktur | D47: Nama Pelanggan | E47: Produk | F47: Quantity | H47: Harga Satuan | I47: Jumlah Harga | J47: Dics. | K47: Jumlah | L47: Jumlah | M47: Total | N47: PPN 11% | O47: PPH 1,5 % | P47: Total Tghan | Q47: DISTRIBUTOR | R47: Harga Pokok | S47: Harga Pokok | T47: DISCOUNT DISTRIBUTOR | U47: JUMLAH | V47: TOTAL | W47: TOTAL PMBELIAN | X47: PPN | Y47: TOTAL
B48: Tanggal | C48: No. Faktur | F48: jml | G48: Satuan | H48: ( Rp ) | I48: ( Rp ) | J48: ( % ) | K48: Discon ( Rp ) | L48: setelah Disc | M48: Tagihan | P48: stlh PPN | R48: beli (Satuan) | S48: beli (Total) | T48: % | U48: DISC | V48: STLH DISC | W48: SBLM PPN
A49: 1 | B49: 45828 | C49: 118550625 | D49: RSUD CIRACAS | E49: IS Napza Test / Drug Abuse Multi Test 5 Panel (THC/MOP/AMP/METH/BZO) | F49: 50 | G49: box | H49: 1256756.8 | I49: =SUM(F49*H49) -> 62837838 | J49: 0 | K49: =SUM(I49*J49) -> 0 | L49: =SUM(I49-K49) -> 62837838 | M49: =SUM(L49:L49) -> 62837838 | N49: =SUM(M49*11%) -> 6912162.2 | O49: =SUM(M49*1.375%) -> 864020.27 | P49: =SUM(M49+N49) -> 69750000 | Q49: PT INTERSKALA MEDIKA INDONESIA | R49: 1256756.8 | S49: =SUM(F49*R49) -> 62837840 | T49: 0.3 | U49: =SUM(S49*T49) -> 18851352 | V49: =SUM(S49-U49) -> 43986488 | W49: =SUM(V49) -> 43986488 | X49: 0.11 | Y49: =SUM(W49+(W49*X49)) -> 48825002
A50: 2 | B50: 45838 | C50: 118670625 | D50: RSUD CIRACAS | E50: Non Sterile Specimen Container 60ml Non Label PS | F50: 8 | G50: pack | H50: 721621.62 | I50: =SUM(F50*H50) -> 5772973 | J50: 0 | K50: =SUM(I50*J50) -> 0 | L50: =SUM(I50-K50) -> 5772973 | M50: =SUM(L50:L50) -> 5772973 | N50: =SUM(M50*11%) -> 635027.03 | O50: =SUM(M50*1.375%) -> 79378.378 | P50: =SUM(M50+N50) -> 6408000 | Q50: PT AGARINDO | R50: 721622 | S50: =SUM(F50*R50) -> 5772976 | T50: 0.2 | U50: =SUM(S50*T50) -> 1154595.2 | V50: =SUM(S50-U50) -> 4618380.8 | W50: =SUM(V50) -> 4618380.8 | X50: 0.11 | Y50: =SUM(W50+(W50*X50)) -> 5126402.7
A53: JULI 2025
A54: No. | B54: Faktur | D54: Nama Pelanggan | E54: Produk | F54: Quantity | H54: Harga Satuan | I54: Jumlah Harga | J54: Dics. | K54: Jumlah | L54: Jumlah | M54: Total | N54: PPN 11% | O54: PPH 1,5 % | P54: Total Tghan | Q54: DISTRIBUTOR | R54: Harga Pokok | S54: Harga Pokok | T54: DISCOUNT DISTRIBUTOR | U54: JUMLAH | V54: TOTAL | W54: TOTAL PMBELIAN | X54: PPN | Y54: TOTAL
B55: Tanggal | C55: No. Faktur | F55: jml | G55: Satuan | H55: ( Rp ) | I55: ( Rp ) | J55: ( % ) | K55: Discon ( Rp ) | L55: setelah Disc | M55: Tagihan | P55: stlh PPN | R55: beli (Satuan) | S55: beli (Total) | T55: % | U55: DISC | V55: STLH DISC | W55: SBLM PPN
A56: 1 | B56: 45861 | C56: 118760725 | D56: RSUD CIRACAS | E56: ESR Solution Reagen (LED) 700/720 | F56: 16 | G56: botol | H56: 4000000 | I56: =SUM(F56*H56) -> 64000000 | J56: 0 | K56: =SUM(I56*J56) -> 0 | L56: =SUM(I56-K56) -> 64000000 | M56: =SUM(L56:L57) -> 113500000 | N56: =SUM(M56*11%) -> 12485000 | O56: =SUM(M56*1.375%) -> 1560625 | P56: =SUM(M56+N56) -> 125985000 | Q56: PT TRIPATRIA ANDALAN MEDIKA | R56: 1800000 | S56: =SUM(F56*R56) -> 28800000 | T56: 0 | U56: =SUM(S56*T56) -> 0 | V56: =SUM(S56-U56) -> 28800000 | W56: =SUM(V56) -> 28800000 | X56: 0.11 | Y56: =SUM(W56+(W56*X56)) -> 31968000
E57: M-6 LD Lyse 700/720 | F57: 18 | G57: botol | H57: 2750000 | I57: =SUM(F57*H57) -> 49500000 | J57: 0 | K57: =SUM(I57*J57) -> 0 | L57: =SUM(I57-K57) -> 49500000 | Q57: PT TRIPATRIA ANDALAN MEDIKA | R57: 990000 | S57: =SUM(F57*R57) -> 17820000 | T57: 0 | U57: =SUM(S57*T57) -> 0 | V57: =SUM(S57-U57) -> 17820000 | W57: =SUM(V57) -> 17820000 | X57: 0.11 | Y57: =SUM(W57+(W57*X57)) -> 19780200
A58: 2 | B58: 45867 | C58: 118800725 | D58: RSUD CIRACAS | E58: Sewa LIS ( Laboratory Information System ) unit Laboratorium | F58: 12 | G58: bulan | H58: 12000000 | I58: =SUM(F58*H58) -> 144000000 | J58: 0 | K58: =SUM(I58*J58) -> 0 | L58: =SUM(I58-K58) -> 144000000 | M58: =SUM(L58:L58) -> 144000000 | N58: =SUM(M58*11%) -> 15840000 | O58: =SUM(M58*1.375%) -> 1980000 | P58: =SUM(M58+N58) -> 159840000 | Q58: PT WYNACOM UNITAMA | R58: 8060000 | S58: =SUM(F58*R58) -> 96720000 | T58: 0 | U58: =SUM(S58*T58) -> 0 | V58: =SUM(S58-U58) -> 96720000 | W58: =SUM(V58) -> 96720000 | X58: 0.11 | Y58: =SUM(W58+(W58*X58)) -> 107359200
A60: AGUSTUS 2025
A61: No. | B61: Faktur | D61: Nama Pelanggan | E61: Produk | F61: Quantity | H61: Harga Satuan | I61: Jumlah Harga | J61: Dics. | K61: Jumlah | L61: Jumlah | M61: Total | N61: PPN 11% | O61: PPH 1,5 % | P61: Total Tghan | Q61: DISTRIBUTOR | R61: Harga Pokok | S61: Harga Pokok | T61: DISCOUNT DISTRIBUTOR | U61: JUMLAH | V61: TOTAL | W61: TOTAL PMBELIAN | X61: PPN | Y61: TOTAL
B62: Tanggal | C62: No. Faktur | F62: jml | G62: Satuan | H62: ( Rp ) | I62: ( Rp ) | J62: ( % ) | K62: Discon ( Rp ) | L62: setelah Disc | M62: Tagihan | P62: stlh PPN | R62: beli (Satuan) | S62: beli (Total) | T62: % | U62: DISC | V62: STLH DISC | W62: SBLM PPN
A63: 1 | B63: 45883 | C63: 118880825 | D63: RSUD CIRACAS | E63: Qtube + Logo BLOOD COLLECTION TUBES 3,2% SODIUM CITRATE 1.8ML | F63: 12 | G63: pack | H63: 138738.74 | I63: =SUM(F63*H63) -> 1664864.9 | J63: 0 | K63: =SUM(I63*J63) -> 0 | L63: =SUM(I63-K63) -> 1664864.9 | M63: =SUM(L63:L63) -> 1664864.9 | N63: =SUM(M63*11%) -> 183135.13 | O63: =SUM(M63*1.375%) -> 22891.892 | P63: =SUM(M63+N63) -> 1848000 | Q63: PT GOLDEN HITECH INDONESIA | R63: 138738.74 | S63: =SUM(F63*R63) -> 1664864.9 | T63: 0.3 | U63: =SUM(S63*T63) -> 499459.46 | V63: =SUM(S63-U63) -> 1165405.4 | W63: =SUM(V63) -> 1165405.4 | X63: 0.11 | Y63: =SUM(W63+(W63*X63)) -> 1293600
A64: 2 | B64: 45883 | C64: 118890825 | D64: RSUD CIRACAS | E64: ASCENSIA CONTOUR PLUS Strip Uji Glukosa Darah Blood Glucose Test Strip (Isi 50 Strip) | F64: 200 | G64: box | H64: 150450.45 | I64: =SUM(F64*H64) -> 30090090 | J64: 0 | K64: =SUM(I64*J64) -> 0 | L64: =SUM(I64-K64) -> 30090090 | M64: =SUM(L64:L64) -> 30090090 | N64: =SUM(M64*11%) -> 3309909.9 | O64: =SUM(M64*1.375%) -> 413738.74 | P64: =SUM(M64+N64) -> 33400000 | Q64: PT. Gobel Dharma Nusantara | R64: 154000 | S64: =SUM(F64*R64) -> 30800000 | T64: 0.225 | U64: =SUM(S64*T64) -> 6930000 | V64: =SUM(S64-U64) -> 23870000 | W64: =SUM(V64) -> 23870000 | X64: 0.11 | Y64: =SUM(W64+(W64*X64)) -> 26495700
A65: 3 | B65: 45883 | C65: 118900825 | D65: RSUD CIRACAS | E65: LABWARE CHARUZU STERILE STOOL CONTAINER 60ML PS | F65: 5 | G65: Pack | H65: 278378.38 | I65: =SUM(F65*H65) -> 1391891.9 | J65: 0 | K65: =SUM(I65*J65) -> 0 | L65: =SUM(I65-K65) -> 1391891.9 | M65: =SUM(L65:L65) -> 1391891.9 | N65: =SUM(M65*11%) -> 153108.11 | O65: =SUM(M65*1.375%) -> 19138.513 | P65: =SUM(M65+N65) -> 1545000 | Q65: PT AGARINDO | R65: 278348 | S65: =SUM(F65*R65) -> 1391740 | T65: 0.2 | U65: 278378 | V65: =SUM(S65-U65) -> 1113362 | W65: =SUM(V65) -> 1113362 | X65: 0.11 | Y65: =SUM(W65+(W65*X65)) -> 1235831.8
A66: 4 | B66: 45891 | C66: 118960825 | D66: RSUD CIRACAS | E66: LABWARE CHARUZU Pipette Tip Eppendorf 1000ul Blue | F66: 6 | G66: Pack | H66: 162162.16 | I66: =SUM(F66*H66) -> 972972.96 | J66: 0 | K66: =SUM(I66*J66) -> 0 | L66: =SUM(I66-K66) -> 972972.96 | M66: =SUM(L66:L66) -> 972972.96 | N66: =SUM(M66*11%) -> 107027.03 | O66: =SUM(M66*1.375%) -> 13378.378 | P66: =SUM(M66+N66) -> 1080000 | Q66: PT AGARINDO | R66: 162162.16 | S66: =SUM(F66*R66) -> 972972.96 | T66: 0.2 | U66: 278378 | V66: =SUM(S66-U66) -> 694594.96 | W66: =SUM(V66) -> 694594.96 | X66: 0.11 | Y66: =SUM(W66+(W66*X66)) -> 771000.41
A69: SEPTEMBER 2025
A70: No. | B70: Faktur | D70: Nama Pelanggan | E70: Produk | F70: Quantity | H70: Harga Satuan | I70: Jumlah Harga | J70: Dics. | K70: Jumlah | L70: Jumlah | M70: Total | N70: PPN 11% | O70: PPH 1,5 % | P70: Total Tghan | Q70: DISTRIBUTOR | R70: Harga Pokok | S70: Harga Pokok | T70: DISCOUNT DISTRIBUTOR | U70: JUMLAH | V70: TOTAL | W70: TOTAL PMBELIAN | X70: PPN | Y70: TOTAL
B71: Tanggal | C71: No. Faktur | F71: jml | G71: Satuan | H71: ( Rp ) | I71: ( Rp ) | J71: ( % ) | K71: Discon ( Rp ) | L71: setelah Disc | M71: Tagihan | P71: stlh PPN | R71: beli (Satuan) | S71: beli (Total) | T71: % | U71: DISC | V71: STLH DISC | W71: SBLM PPN
A72: 1 | B72: 45925 | C72: 119180925 | D72: RSUD CIRACAS | E72: M-6 FD dye 700/720 | F72: 20 | G72: pcs | H72: 2250000 | I72: =SUM(F72*H72) -> 45000000 | J72: 0 | K72: =SUM(I72*J72) -> 0 | L72: =SUM(I72-K72) -> 45000000 | M72: =SUM(L72:L74) -> 101321500 | N72: =SUM(M72*11%) -> 11145365 | O72: =SUM(M72*1.375%) -> 1393170.6 | P72: =SUM(M72+N72) -> 112466865 | Q72: PT TRIPATRIA ANDALAN MEDIKA | R72: 810000 | S72: =SUM(F72*R72) -> 16200000 | T72: 0 | U72: =SUM(S72*T72) -> 0 | V72: =SUM(S72-U72) -> 16200000 | W72: =SUM(V72) -> 16200000 | X72: 0.11 | Y72: =SUM(W72+(W72*X72)) -> 17982000
E73: M-6 DS Diluent 700/720 | F73: 16 | G73: box | H73: 3234000 | I73: =SUM(F73*H73) -> 51744000 | J73: 0 | K73: =SUM(I73*J73) -> 0 | L73: =SUM(I73-K73) -> 51744000 | Q73: PT TRIPATRIA ANDALAN MEDIKA | R73: 582000 | S73: =SUM(F73*R73) -> 9312000 | T73: 0 | U73: =SUM(S73*T73) -> 0 | V73: =SUM(S73-U73) -> 9312000 | W73: =SUM(V73) -> 9312000 | X73: 0.11 | Y73: =SUM(W73+(W73*X73)) -> 10336320
E74: SC Cal Plus Calibrator Mindray | F74: 1 | G74: vial | H74: 4577500 | I74: =SUM(F74*H74) -> 4577500 | J74: 0 | K74: =SUM(I74*J74) -> 0 | L74: =SUM(I74-K74) -> 4577500 | Q74: PT TRIPATRIA ANDALAN MEDIKA | R74: 650000 | S74: =SUM(F74*R74) -> 650000 | T74: 0 | U74: =SUM(S74*T74) -> 0 | V74: =SUM(S74-U74) -> 650000 | W74: =SUM(V74) -> 650000 | X74: 0.11 | Y74: =SUM(W74+(W74*X74)) -> 721500
A76: OKTOBER 2025
A77: No. | B77: Faktur | D77: Nama Pelanggan | E77: Produk | F77: Quantity | H77: Harga Satuan | I77: Jumlah Harga | J77: Dics. | K77: Jumlah | L77: Jumlah | M77: Total | N77: PPN 11% | O77: PPH 1,5 % | P77: Total Tghan | Q77: DISTRIBUTOR | R77: Harga Pokok | S77: Harga Pokok | T77: DISCOUNT DISTRIBUTOR | U77: JUMLAH | V77: TOTAL | W77: TOTAL PMBELIAN | X77: PPN | Y77: TOTAL
B78: Tanggal | C78: No. Faktur | F78: jml | G78: Satuan | H78: ( Rp ) | I78: ( Rp ) | J78: ( % ) | K78: Discon ( Rp ) | L78: setelah Disc | M78: Tagihan | P78: stlh PPN | R78: beli (Satuan) | S78: beli (Total) | T78: % | U78: DISC | V78: STLH DISC | W78: SBLM PPN
A79: 1 | B79: 45959 | C79: 119501025 | D79: RSUD CIRACAS | E79: Ichroma D-Dimer | F79: 3 | G79: box | H79: 1881592.8 | I79: =SUM(F79*H79) -> 5644778.4 | J79: 0 | K79: =SUM(I79*J79) -> 0 | L79: =SUM(I79-K79) -> 5644778.4 | M79: =SUM(L79:L82) -> 64820508 | N79: =SUM(M79*11%) -> 7130255.9 | O79: =SUM(M79*1.375%) -> 891281.99 | P79: =SUM(M79+N79) -> 71950764 | Q79: PT ZOE PELITA NUSANTARA | R79: 1881593 | S79: =SUM(F79*R79) -> 5644779 | T79: 0.25 | U79: =SUM(S79*T79) -> 1411194.8 | V79: =SUM(S79-U79) -> 4233584.2 | W79: =SUM(V79) -> 4233584.2 | X79: 0.11 | Y79: =SUM(W79+(W79*X79)) -> 4699278.5
E80: Reagent Pack Dianuo | F80: 2 | G80: pack | H80: 6667000 | I80: =SUM(F80*H80) -> 13334000 | J80: 0 | K80: =SUM(I80*J80) -> 0 | L80: =SUM(I80-K80) -> 13334000 | Q80: PT SMS | R80: 1950000 | S80: =SUM(F80*R80) -> 3900000 | T80: 0 | U80: =SUM(S80*T80) -> 0 | V80: =SUM(S80-U80) -> 3900000 | W80: =SUM(V80) -> 3900000 | X80: 0.11 | Y80: =SUM(W80+(W80*X80)) -> 4329000
E81: QC Solution 2 Dianuo | F81: 2 | G81: botol | H81: 1556000 | I81: =SUM(F81*H81) -> 3112000 | J81: 0 | K81: =SUM(I81*J81) -> 0 | L81: =SUM(I81-K81) -> 3112000 | Q81: PT SMS | R81: 385000 | S81: =SUM(F81*R81) -> 770000 | T81: 0 | U81: =SUM(S81*T81) -> 0 | V81: =SUM(S81-U81) -> 770000 | W81: =SUM(V81) -> 770000 | X81: 0.11 | Y81: =SUM(W81+(W81*X81)) -> 854700
E82: IS Napza Test / Drug Abuse Multi Test 5 Panel (THC/MOP/AMP/METH/BZO) | F82: 34 | G82: box | H82: 1256756.8 | I82: =SUM(F82*H82) -> 42729730 | J82: 0 | K82: =SUM(I82*J82) -> 0 | L82: =SUM(I82-K82) -> 42729730 | Q82: PT INTERSKALA MEDIKA INDONESIA | R82: 1256756.8 | S82: =SUM(F82*R82) -> 42729731 | T82: 0.3 | U82: =SUM(S82*T82) -> 12818919 | V82: =SUM(S82-U82) -> 29910812 | W82: =SUM(V82) -> 29910812 | X82: 0.11 | Y82: =SUM(W82+(W82*X82)) -> 33201001
A83: 2 | B83: 45959 | C83: 119511025 | D83: RSUD CIRACAS | E83: Qtube + Logo BLOOD COLLECTION TUBES GEL/CLOT ACTIVATOR 3ML | F83: 21 | G83: pack | H83: 186486.49 | I83: =SUM(F83*H83) -> 3916216.2 | J83: 0 | K83: =SUM(I83*J83) -> 0 | L83: =SUM(I83-K83) -> 3916216.2 | M83: =SUM(L83:L85) -> 11736036 | N83: =SUM(M83*11%) -> 1290964 | O83: =SUM(M83*1.375%) -> 161370.5 | P83: =SUM(M83+N83) -> 13027000 | Q83: PT GOLDEN HITECH INDONESIA | R83: 186486.49 | S83: =SUM(F83*R83) -> 3916216.2 | T83: 0.3 | U83: =SUM(S83*T83) -> 1174864.9 | V83: =SUM(S83-U83) -> 2741351.3 | W83: =SUM(V83) -> 2741351.3 | X83: 0.11 | Y83: =SUM(W83+(W83*X83)) -> 3042900
E84: Qtube + Logo QTUBE BLOOD COLLECTION TUBES EDTA K3 3ML | F84: 37 | G84: pack | H84: 133333.33 | I84: =SUM(F84*H84) -> 4933333.3 | J84: 0 | K84: =SUM(I84*J84) -> 0 | L84: =SUM(I84-K84) -> 4933333.3 | Q84: PT GOLDEN HITECH INDONESIA | R84: 133333.33 | S84: =SUM(F84*R84) -> 4933333.3 | T84: 0.3 | U84: =SUM(S84*T84) -> 1480000 | V84: =SUM(S84-U84) -> 3453333.3 | W84: =SUM(V84) -> 3453333.3 | X84: 0.11 | Y84: =SUM(W84+(W84*X84)) -> 3833200
E85: Non Sterile Specimen Container 60ml Non Label PS | F85: 4 | G85: pack | H85: 721621.62 | I85: =SUM(F85*H85) -> 2886486.5 | J85: 0 | K85: =SUM(I85*J85) -> 0 | L85: =SUM(I85-K85) -> 2886486.5 | Q85: PT AGARINDO | R85: 721622 | S85: =SUM(F85*R85) -> 2886488 | T85: 0.2 | U85: =SUM(S85*T85) -> 577297.6 | V85: =SUM(S85-U85) -> 2309190.4 | W85: =SUM(V85) -> 2309190.4 | X85: 0.11 | Y85: =SUM(W85+(W85*X85)) -> 2563201.3

Sheet RSUD CIPAYUNG
A1: BREAKDOWN PENJUALAN PT. MITRAJAYA SELARAS ABADI
A9: 2025 RSUD CIPAYUNG | O9: =SUM(#REF!+#REF!+#REF!+#REF!+#REF!+O3+#REF!) -> #REF!
A13: FEBRUARI 2025
A14: No. | B14: Faktur | D14: Nama Pelanggan | E14: Produk | F14: Quantity | H14: Harga Satuan | I14: Jumlah Harga | J14: Dics. | K14: Jumlah | L14: Jumlah | M14: Total | N14: PPN 11% | O14: PPH 1,5 % | P14: Total Tghan | Q14: DISTRIBUTOR | R14: Harga Pokok | S14: Harga Pokok | T14: DISCOUNT DISTRIBUTOR | U14: JUMLAH | V14: TOTAL | W14: TOTAL PMBELIAN | X14: PPN | Y14: TOTAL
B15: Tanggal | C15: No. Faktur | F15: jml | G15: Satuan | H15: ( Rp ) | I15: ( Rp ) | J15: ( % ) | K15: Discon ( Rp ) | L15: setelah Disc | M15: Tagihan | P15: stlh PPN | R15: beli (Satuan) | S15: beli (Total) | T15: % | U15: DISC | V15: STLH DISC | W15: SBLM PPN
A16: 1 | B16: 45705 | C16: 117530225 | D16: RSUD CIPAYUNG | E16: IS HIV-1/2 Antibody Rapid Test | F16: 37 | G16: box | H16: 202252.25 | I16: =SUM(F16*H16) -> 7483333.3 | J16: 0 | K16: =SUM(I16*J16) -> 0 | L16: =SUM(I16-K16) -> 7483333.3 | M16: =SUM(L16:L17) -> 22564414 | N16: =SUM(M16*11%) -> 2482085.6 | O16: =SUM(M16*1.5%) -> 338466.22 | P16: =SUM(M16+N16) -> 25046500 | Q16: PT INTERSKALA MEDIKA | R16: 202252 | S16: =SUM(F16*R16) -> 7483324 | T16: 0.3 | U16: =SUM(S16*T16) -> 2244997.2 | V16: =SUM(S16-U16) -> 5238326.8 | W16: =SUM(V16) -> 5238326.8 | X16: 0.11 | Y16: =SUM(W16+(W16*X16)) -> 5814542.7
E17: IS Napza Test / Drug Abuse Multi Test 5 Panel (THC/MOP/AMP/METH/BZO) | F17: 12 | G17: box | H17: 1256756.8 | I17: =SUM(F17*H17) -> 15081081 | J17: 0 | K17: =SUM(I17*J17) -> 0 | L17: =SUM(I17-K17) -> 15081081 | Q17: PT INTERSKALA MEDIKA | R17: 1256756.8 | S17: =SUM(F17*R17) -> 15081081 | T17: 0.3 | U17: =SUM(S17*T17) -> 4524324.3 | V17: =SUM(S17-U17) -> 10556757 | W17: =SUM(V17) -> 10556757 | X17: 0.11 | Y17: =SUM(W17+(W17*X17)) -> 11718000
A18: 2 | B18: 45702 | C18: 117460225 | D18: RSUD CIPAYUNG | E18: WONDFO Dengue IGG/IGM Test Device (WB/S/P) 50 test / box | F18: 6 | G18: box | H18: 689342.34 | I18: =SUM(F18*H18) -> 4136054.1 | J18: 0 | K18: =SUM(I18*J18) -> 0 | L18: =SUM(I18-K18) -> 4136054.1 | M18: =SUM(L18:L18) -> 4136054.1 | N18: =SUM(M18*11%) -> 454965.95 | O18: =SUM(M18*1.5%) -> 62040.811 | P18: =SUM(M18+N18) -> 4591020 | Q18: PT EXXEL UTAMA | R18: 984775 | S18: =SUM(F18*R18) -> 5908650 | T18: 0.5 | U18: =SUM(S18*T18) -> 2954325 | V18: =SUM(S18-U18) -> 2954325 | W18: =SUM(V18) -> 2954325 | X18: 0.11 | Y18: =SUM(W18+(W18*X18)) -> 3279300.8
A19: 3 | B19: 45714 | C19: 117630225 | D19: RSUD CIPAYUNG | E19: ASCENSIA CONTOUR PLUS Strip Uji Glukosa Darah Blood Glucose Test Strip (Isi 50 Strip) | F19: 100 | G19: box | H19: 153603.6 | I19: =SUM(F19*H19) -> 15360360 | J19: 0 | K19: =SUM(I19*J19) -> 0 | L19: =SUM(I19-K19) -> 15360360 | M19: =SUM(L19:L19) -> 15360360 | N19: =SUM(M19*11%) -> 1689639.6 | O19: =SUM(M19*1.5%) -> 230405.41 | P19: =SUM(M19+N19) -> 17050000 | Q19: PT. Gobel Dharma Nusantara | R19: 154000 | S19: =SUM(F19*R19) -> 15400000 | T19: 0.25 | U19: =SUM(S19*T19) -> 3850000 | V19: =SUM(S19-U19) -> 11550000 | W19: =SUM(V19) -> 11550000 | X19: 0.11 | Y19: =SUM(W19+(W19*X19)) -> 12820500
A20: 4 | B20: 45716 | C20: 117700225 | D20: RSUD CIPAYUNG | E20: Non Sterile Specimen Container 60ml Non Label PS | F20: 2 | G20: pack | H20: 721621.62 | I20: =SUM(F20*H20) -> 1443243.2 | J20: 0 | K20: =SUM(I20*J20) -> 0 | L20: =SUM(I20-K20) -> 1443243.2 | M20: =SUM(L20:L20) -> 1443243.2 | N20: =SUM(M20*11%) -> 158756.76 | O20: =SUM(M20*1.5%) -> 21648.649 | P20: =SUM(M20+N20) -> 1602000 | Q20: PT AGARINDO | R20: 721622 | S20: =SUM(F20*R20) -> 1443244 | T20: 0.2 | U20: =SUM(S20*T20) -> 288648.8 | V20: =SUM(S20-U20) -> 1154595.2 | W20: =SUM(V20) -> 1154595.2 | X20: 0.11 | Y20: =SUM(W20+(W20*X20)) -> 1281600.7
A21: 5 | B21: 45716 | C21: 117710225 | D21: RSUD CIPAYUNG | E21: M-6 DS Diluent 700/720 | F21: 3 | G21: box | H21: 3234000 | I21: =SUM(F21*H21) -> 9702000 | J21: 0 | K21: =SUM(I21*J21) -> 0 | L21: =SUM(I21-K21) -> 9702000 | M21: =SUM(L21:L25) -> 56781000 | N21: =SUM(M21*11%) -> 6245910 | O21: =SUM(M21*1.5%) -> 851715 | P21: =SUM(M21+N21) -> 63026910 | Q21: PT TRIPATRIA ANDALAN MEDIKA | R21: 582000 | S21: =SUM(F21*R21) -> 1746000 | T21: 0 | U21: =SUM(S21*T21) -> 0 | V21: =SUM(S21-U21) -> 1746000 | W21: =SUM(V21) -> 1746000 | X21: 0.11 | Y21: =SUM(W21+(W21*X21)) -> 1938060
E22: M-6 LD Lyse 700/720 | F22: 3 | G22: botol | H22: 2750000 | I22: =SUM(F22*H22) -> 8250000 | J22: 0 | K22: =SUM(I22*J22) -> 0 | L22: =SUM(I22-K22) -> 8250000 | Q22: PT TRIPATRIA ANDALAN MEDIKA | R22: 990000 | S22: =SUM(F22*R22) -> 2970000 | T22: 0 | U22: =SUM(S22*T22) -> 0 | V22: =SUM(S22-U22) -> 2970000 | W22: =SUM(V22) -> 2970000 | X22: 0.11 | Y22: =SUM(W22+(W22*X22)) -> 3296700
